[2024-12-21 01:56:00,468 INFO test.py line 73 3332982] arch: psp
aux_weight: 0.4
base_lr: 0.01
base_size: 512
batch_size: 16
batch_size_val: 16
classes: 21
colors_path: data/voc2012/voc2012_colors.txt
data_root: dataset/voc2012
dist_backend: nccl
dist_url: tcp://127.0.0.1:6789
epochs: 50
evaluate: True
has_prediction: False
ignore_label: 255
index_start: 0
index_step: 0
layers: 101
manual_seed: None
model_path: exp/voc2012/pspnet101/model/train_epoch_43.pth
momentum: 0.9
multiprocessing_distributed: True
names_path: data/voc2012/voc2012_names.txt
power: 0.9
print_freq: 10
rank: 0
resume: None
rotate_max: 10
rotate_min: -10
save_folder: exp/voc2012/pspnet101/result/epoch_50/val/ss
save_freq: 1
save_path: exp/voc2012/pspnet101/model
scale_max: 2.0
scale_min: 0.5
scales: [1.0]
split: val
start_epoch: 0
sync_bn: True
test_gpu: [0]
test_h: 473
test_list: dataset/voc2012/VOC_test.txt
test_w: 473
train_gpu: [0, 2]
train_h: 377
train_list: dataset/voc2012/train_filelists/scribsamv3_9_trainaug.txt
train_w: 377
val_list: dataset/voc2012/VOC_val.txt
weight: None
weight_decay: 0.0001
workers: 16
world_size: 1
zoom_factor: 8
[2024-12-21 01:56:00,468 INFO test.py line 74 3332982] => creating model ...
[2024-12-21 01:56:00,468 INFO test.py line 75 3332982] Classes: 21
Totally 1449 samples in val set.
Starting Checking image&label pair val list...
Checking image&label pair val list done!
[2024-12-21 01:56:01,227 INFO test.py line 107 3332982] PSPNet(
  (criterion): CrossEntropyLoss()
  (layer0): Sequential(
    (0): Conv2d(3, 64, kernel_size=(3, 3), stride=(2, 2), padding=(1, 1), bias=False)
    (1): BatchNorm2d(64, eps=1e-05, momentum=0.1, affine=True, track_running_stats=True)
    (2): ReLU(inplace=True)
    (3): Conv2d(64, 64, kernel_size=(3, 3), stride=(1, 1), padding=(1, 1), bias=False)
    (4): BatchNorm2d(64, eps=1e-05, momentum=0.1, affine=True, track_running_stats=True)
    (5): ReLU(inplace=True)
    (6): Conv2d(64, 128, kernel_size=(3, 3), stride=(1, 1), padding=(1, 1), bias=False)
    (7): BatchNorm2d(128, eps=1e-05, momentum=0.1, affine=True, track_running_stats=True)
    (8): ReLU(inplace=True)
    (9): MaxPool2d(kernel_size=3, stride=2, padding=1, dilation=1, ceil_mode=False)
  )
  (layer1): Sequential(
    (0): Bottleneck(
      (conv1): Conv2d(128, 64, kernel_size=(1, 1), stride=(1, 1), bias=False)
      (bn1): BatchNorm2d(64, eps=1e-05, momentum=0.1, affine=True, track_running_stats=True)
      (conv2): Conv2d(64, 64, kernel_size=(3, 3), stride=(1, 1), padding=(1, 1), bias=False)
      (bn2): BatchNorm2d(64, eps=1e-05, momentum=0.1, affine=True, track_running_stats=True)
      (conv3): Conv2d(64, 256, kernel_size=(1, 1), stride=(1, 1), bias=False)
      (bn3): BatchNorm2d(256, eps=1e-05, momentum=0.1, affine=True, track_running_stats=True)
      (relu): ReLU(inplace=True)
      (downsample): Sequential(
        (0): Conv2d(128, 256, kernel_size=(1, 1), stride=(1, 1), bias=False)
        (1): BatchNorm2d(256, eps=1e-05, momentum=0.1, affine=True, track_running_stats=True)
      )
    )
    (1): Bottleneck(
      (conv1): Conv2d(256, 64, kernel_size=(1, 1), stride=(1, 1), bias=False)
      (bn1): BatchNorm2d(64, eps=1e-05, momentum=0.1, affine=True, track_running_stats=True)
      (conv2): Conv2d(64, 64, kernel_size=(3, 3), stride=(1, 1), padding=(1, 1), bias=False)
      (bn2): BatchNorm2d(64, eps=1e-05, momentum=0.1, affine=True, track_running_stats=True)
      (conv3): Conv2d(64, 256, kernel_size=(1, 1), stride=(1, 1), bias=False)
      (bn3): BatchNorm2d(256, eps=1e-05, momentum=0.1, affine=True, track_running_stats=True)
      (relu): ReLU(inplace=True)
    )
    (2): Bottleneck(
      (conv1): Conv2d(256, 64, kernel_size=(1, 1), stride=(1, 1), bias=False)
      (bn1): BatchNorm2d(64, eps=1e-05, momentum=0.1, affine=True, track_running_stats=True)
      (conv2): Conv2d(64, 64, kernel_size=(3, 3), stride=(1, 1), padding=(1, 1), bias=False)
      (bn2): BatchNorm2d(64, eps=1e-05, momentum=0.1, affine=True, track_running_stats=True)
      (conv3): Conv2d(64, 256, kernel_size=(1, 1), stride=(1, 1), bias=False)
      (bn3): BatchNorm2d(256, eps=1e-05, momentum=0.1, affine=True, track_running_stats=True)
      (relu): ReLU(inplace=True)
    )
  )
  (layer2): Sequential(
    (0): Bottleneck(
      (conv1): Conv2d(256, 128, kernel_size=(1, 1), stride=(1, 1), bias=False)
      (bn1): BatchNorm2d(128, eps=1e-05, momentum=0.1, affine=True, track_running_stats=True)
      (conv2): Conv2d(128, 128, kernel_size=(3, 3), stride=(2, 2), padding=(1, 1), bias=False)
      (bn2): BatchNorm2d(128, eps=1e-05, momentum=0.1, affine=True, track_running_stats=True)
      (conv3): Conv2d(128, 512, kernel_size=(1, 1), stride=(1, 1), bias=False)
      (bn3): BatchNorm2d(512, eps=1e-05, momentum=0.1, affine=True, track_running_stats=True)
      (relu): ReLU(inplace=True)
      (downsample): Sequential(
        (0): Conv2d(256, 512, kernel_size=(1, 1), stride=(2, 2), bias=False)
        (1): BatchNorm2d(512, eps=1e-05, momentum=0.1, affine=True, track_running_stats=True)
      )
    )
    (1): Bottleneck(
      (conv1): Conv2d(512, 128, kernel_size=(1, 1), stride=(1, 1), bias=False)
      (bn1): BatchNorm2d(128, eps=1e-05, momentum=0.1, affine=True, track_running_stats=True)
      (conv2): Conv2d(128, 128, kernel_size=(3, 3), stride=(1, 1), padding=(1, 1), bias=False)
      (bn2): BatchNorm2d(128, eps=1e-05, momentum=0.1, affine=True, track_running_stats=True)
      (conv3): Conv2d(128, 512, kernel_size=(1, 1), stride=(1, 1), bias=False)
      (bn3): BatchNorm2d(512, eps=1e-05, momentum=0.1, affine=True, track_running_stats=True)
      (relu): ReLU(inplace=True)
    )
    (2): Bottleneck(
      (conv1): Conv2d(512, 128, kernel_size=(1, 1), stride=(1, 1), bias=False)
      (bn1): BatchNorm2d(128, eps=1e-05, momentum=0.1, affine=True, track_running_stats=True)
      (conv2): Conv2d(128, 128, kernel_size=(3, 3), stride=(1, 1), padding=(1, 1), bias=False)
      (bn2): BatchNorm2d(128, eps=1e-05, momentum=0.1, affine=True, track_running_stats=True)
      (conv3): Conv2d(128, 512, kernel_size=(1, 1), stride=(1, 1), bias=False)
      (bn3): BatchNorm2d(512, eps=1e-05, momentum=0.1, affine=True, track_running_stats=True)
      (relu): ReLU(inplace=True)
    )
    (3): Bottleneck(
      (conv1): Conv2d(512, 128, kernel_size=(1, 1), stride=(1, 1), bias=False)
      (bn1): BatchNorm2d(128, eps=1e-05, momentum=0.1, affine=True, track_running_stats=True)
      (conv2): Conv2d(128, 128, kernel_size=(3, 3), stride=(1, 1), padding=(1, 1), bias=False)
      (bn2): BatchNorm2d(128, eps=1e-05, momentum=0.1, affine=True, track_running_stats=True)
      (conv3): Conv2d(128, 512, kernel_size=(1, 1), stride=(1, 1), bias=False)
      (bn3): BatchNorm2d(512, eps=1e-05, momentum=0.1, affine=True, track_running_stats=True)
      (relu): ReLU(inplace=True)
    )
  )
  (layer3): Sequential(
    (0): Bottleneck(
      (conv1): Conv2d(512, 256, kernel_size=(1, 1), stride=(1, 1), bias=False)
      (bn1): BatchNorm2d(256, eps=1e-05, momentum=0.1, affine=True, track_running_stats=True)
      (conv2): Conv2d(256, 256, kernel_size=(3, 3), stride=(1, 1), padding=(2, 2), dilation=(2, 2), bias=False)
      (bn2): BatchNorm2d(256, eps=1e-05, momentum=0.1, affine=True, track_running_stats=True)
      (conv3): Conv2d(256, 1024, kernel_size=(1, 1), stride=(1, 1), bias=False)
      (bn3): BatchNorm2d(1024, eps=1e-05, momentum=0.1, affine=True, track_running_stats=True)
      (relu): ReLU(inplace=True)
      (downsample): Sequential(
        (0): Conv2d(512, 1024, kernel_size=(1, 1), stride=(1, 1), bias=False)
        (1): BatchNorm2d(1024, eps=1e-05, momentum=0.1, affine=True, track_running_stats=True)
      )
    )
    (1): Bottleneck(
      (conv1): Conv2d(1024, 256, kernel_size=(1, 1), stride=(1, 1), bias=False)
      (bn1): BatchNorm2d(256, eps=1e-05, momentum=0.1, affine=True, track_running_stats=True)
      (conv2): Conv2d(256, 256, kernel_size=(3, 3), stride=(1, 1), padding=(2, 2), dilation=(2, 2), bias=False)
      (bn2): BatchNorm2d(256, eps=1e-05, momentum=0.1, affine=True, track_running_stats=True)
      (conv3): Conv2d(256, 1024, kernel_size=(1, 1), stride=(1, 1), bias=False)
      (bn3): BatchNorm2d(1024, eps=1e-05, momentum=0.1, affine=True, track_running_stats=True)
      (relu): ReLU(inplace=True)
    )
    (2): Bottleneck(
      (conv1): Conv2d(1024, 256, kernel_size=(1, 1), stride=(1, 1), bias=False)
      (bn1): BatchNorm2d(256, eps=1e-05, momentum=0.1, affine=True, track_running_stats=True)
      (conv2): Conv2d(256, 256, kernel_size=(3, 3), stride=(1, 1), padding=(2, 2), dilation=(2, 2), bias=False)
      (bn2): BatchNorm2d(256, eps=1e-05, momentum=0.1, affine=True, track_running_stats=True)
      (conv3): Conv2d(256, 1024, kernel_size=(1, 1), stride=(1, 1), bias=False)
      (bn3): BatchNorm2d(1024, eps=1e-05, momentum=0.1, affine=True, track_running_stats=True)
      (relu): ReLU(inplace=True)
    )
    (3): Bottleneck(
      (conv1): Conv2d(1024, 256, kernel_size=(1, 1), stride=(1, 1), bias=False)
      (bn1): BatchNorm2d(256, eps=1e-05, momentum=0.1, affine=True, track_running_stats=True)
      (conv2): Conv2d(256, 256, kernel_size=(3, 3), stride=(1, 1), padding=(2, 2), dilation=(2, 2), bias=False)
      (bn2): BatchNorm2d(256, eps=1e-05, momentum=0.1, affine=True, track_running_stats=True)
      (conv3): Conv2d(256, 1024, kernel_size=(1, 1), stride=(1, 1), bias=False)
      (bn3): BatchNorm2d(1024, eps=1e-05, momentum=0.1, affine=True, track_running_stats=True)
      (relu): ReLU(inplace=True)
    )
    (4): Bottleneck(
      (conv1): Conv2d(1024, 256, kernel_size=(1, 1), stride=(1, 1), bias=False)
      (bn1): BatchNorm2d(256, eps=1e-05, momentum=0.1, affine=True, track_running_stats=True)
      (conv2): Conv2d(256, 256, kernel_size=(3, 3), stride=(1, 1), padding=(2, 2), dilation=(2, 2), bias=False)
      (bn2): BatchNorm2d(256, eps=1e-05, momentum=0.1, affine=True, track_running_stats=True)
      (conv3): Conv2d(256, 1024, kernel_size=(1, 1), stride=(1, 1), bias=False)
      (bn3): BatchNorm2d(1024, eps=1e-05, momentum=0.1, affine=True, track_running_stats=True)
      (relu): ReLU(inplace=True)
    )
    (5): Bottleneck(
      (conv1): Conv2d(1024, 256, kernel_size=(1, 1), stride=(1, 1), bias=False)
      (bn1): BatchNorm2d(256, eps=1e-05, momentum=0.1, affine=True, track_running_stats=True)
      (conv2): Conv2d(256, 256, kernel_size=(3, 3), stride=(1, 1), padding=(2, 2), dilation=(2, 2), bias=False)
      (bn2): BatchNorm2d(256, eps=1e-05, momentum=0.1, affine=True, track_running_stats=True)
      (conv3): Conv2d(256, 1024, kernel_size=(1, 1), stride=(1, 1), bias=False)
      (bn3): BatchNorm2d(1024, eps=1e-05, momentum=0.1, affine=True, track_running_stats=True)
      (relu): ReLU(inplace=True)
    )
    (6): Bottleneck(
      (conv1): Conv2d(1024, 256, kernel_size=(1, 1), stride=(1, 1), bias=False)
      (bn1): BatchNorm2d(256, eps=1e-05, momentum=0.1, affine=True, track_running_stats=True)
      (conv2): Conv2d(256, 256, kernel_size=(3, 3), stride=(1, 1), padding=(2, 2), dilation=(2, 2), bias=False)
      (bn2): BatchNorm2d(256, eps=1e-05, momentum=0.1, affine=True, track_running_stats=True)
      (conv3): Conv2d(256, 1024, kernel_size=(1, 1), stride=(1, 1), bias=False)
      (bn3): BatchNorm2d(1024, eps=1e-05, momentum=0.1, affine=True, track_running_stats=True)
      (relu): ReLU(inplace=True)
    )
    (7): Bottleneck(
      (conv1): Conv2d(1024, 256, kernel_size=(1, 1), stride=(1, 1), bias=False)
      (bn1): BatchNorm2d(256, eps=1e-05, momentum=0.1, affine=True, track_running_stats=True)
      (conv2): Conv2d(256, 256, kernel_size=(3, 3), stride=(1, 1), padding=(2, 2), dilation=(2, 2), bias=False)
      (bn2): BatchNorm2d(256, eps=1e-05, momentum=0.1, affine=True, track_running_stats=True)
      (conv3): Conv2d(256, 1024, kernel_size=(1, 1), stride=(1, 1), bias=False)
      (bn3): BatchNorm2d(1024, eps=1e-05, momentum=0.1, affine=True, track_running_stats=True)
      (relu): ReLU(inplace=True)
    )
    (8): Bottleneck(
      (conv1): Conv2d(1024, 256, kernel_size=(1, 1), stride=(1, 1), bias=False)
      (bn1): BatchNorm2d(256, eps=1e-05, momentum=0.1, affine=True, track_running_stats=True)
      (conv2): Conv2d(256, 256, kernel_size=(3, 3), stride=(1, 1), padding=(2, 2), dilation=(2, 2), bias=False)
      (bn2): BatchNorm2d(256, eps=1e-05, momentum=0.1, affine=True, track_running_stats=True)
      (conv3): Conv2d(256, 1024, kernel_size=(1, 1), stride=(1, 1), bias=False)
      (bn3): BatchNorm2d(1024, eps=1e-05, momentum=0.1, affine=True, track_running_stats=True)
      (relu): ReLU(inplace=True)
    )
    (9): Bottleneck(
      (conv1): Conv2d(1024, 256, kernel_size=(1, 1), stride=(1, 1), bias=False)
      (bn1): BatchNorm2d(256, eps=1e-05, momentum=0.1, affine=True, track_running_stats=True)
      (conv2): Conv2d(256, 256, kernel_size=(3, 3), stride=(1, 1), padding=(2, 2), dilation=(2, 2), bias=False)
      (bn2): BatchNorm2d(256, eps=1e-05, momentum=0.1, affine=True, track_running_stats=True)
      (conv3): Conv2d(256, 1024, kernel_size=(1, 1), stride=(1, 1), bias=False)
      (bn3): BatchNorm2d(1024, eps=1e-05, momentum=0.1, affine=True, track_running_stats=True)
      (relu): ReLU(inplace=True)
    )
    (10): Bottleneck(
      (conv1): Conv2d(1024, 256, kernel_size=(1, 1), stride=(1, 1), bias=False)
      (bn1): BatchNorm2d(256, eps=1e-05, momentum=0.1, affine=True, track_running_stats=True)
      (conv2): Conv2d(256, 256, kernel_size=(3, 3), stride=(1, 1), padding=(2, 2), dilation=(2, 2), bias=False)
      (bn2): BatchNorm2d(256, eps=1e-05, momentum=0.1, affine=True, track_running_stats=True)
      (conv3): Conv2d(256, 1024, kernel_size=(1, 1), stride=(1, 1), bias=False)
      (bn3): BatchNorm2d(1024, eps=1e-05, momentum=0.1, affine=True, track_running_stats=True)
      (relu): ReLU(inplace=True)
    )
    (11): Bottleneck(
      (conv1): Conv2d(1024, 256, kernel_size=(1, 1), stride=(1, 1), bias=False)
      (bn1): BatchNorm2d(256, eps=1e-05, momentum=0.1, affine=True, track_running_stats=True)
      (conv2): Conv2d(256, 256, kernel_size=(3, 3), stride=(1, 1), padding=(2, 2), dilation=(2, 2), bias=False)
      (bn2): BatchNorm2d(256, eps=1e-05, momentum=0.1, affine=True, track_running_stats=True)
      (conv3): Conv2d(256, 1024, kernel_size=(1, 1), stride=(1, 1), bias=False)
      (bn3): BatchNorm2d(1024, eps=1e-05, momentum=0.1, affine=True, track_running_stats=True)
      (relu): ReLU(inplace=True)
    )
    (12): Bottleneck(
      (conv1): Conv2d(1024, 256, kernel_size=(1, 1), stride=(1, 1), bias=False)
      (bn1): BatchNorm2d(256, eps=1e-05, momentum=0.1, affine=True, track_running_stats=True)
      (conv2): Conv2d(256, 256, kernel_size=(3, 3), stride=(1, 1), padding=(2, 2), dilation=(2, 2), bias=False)
      (bn2): BatchNorm2d(256, eps=1e-05, momentum=0.1, affine=True, track_running_stats=True)
      (conv3): Conv2d(256, 1024, kernel_size=(1, 1), stride=(1, 1), bias=False)
      (bn3): BatchNorm2d(1024, eps=1e-05, momentum=0.1, affine=True, track_running_stats=True)
      (relu): ReLU(inplace=True)
    )
    (13): Bottleneck(
      (conv1): Conv2d(1024, 256, kernel_size=(1, 1), stride=(1, 1), bias=False)
      (bn1): BatchNorm2d(256, eps=1e-05, momentum=0.1, affine=True, track_running_stats=True)
      (conv2): Conv2d(256, 256, kernel_size=(3, 3), stride=(1, 1), padding=(2, 2), dilation=(2, 2), bias=False)
      (bn2): BatchNorm2d(256, eps=1e-05, momentum=0.1, affine=True, track_running_stats=True)
      (conv3): Conv2d(256, 1024, kernel_size=(1, 1), stride=(1, 1), bias=False)
      (bn3): BatchNorm2d(1024, eps=1e-05, momentum=0.1, affine=True, track_running_stats=True)
      (relu): ReLU(inplace=True)
    )
    (14): Bottleneck(
      (conv1): Conv2d(1024, 256, kernel_size=(1, 1), stride=(1, 1), bias=False)
      (bn1): BatchNorm2d(256, eps=1e-05, momentum=0.1, affine=True, track_running_stats=True)
      (conv2): Conv2d(256, 256, kernel_size=(3, 3), stride=(1, 1), padding=(2, 2), dilation=(2, 2), bias=False)
      (bn2): BatchNorm2d(256, eps=1e-05, momentum=0.1, affine=True, track_running_stats=True)
      (conv3): Conv2d(256, 1024, kernel_size=(1, 1), stride=(1, 1), bias=False)
      (bn3): BatchNorm2d(1024, eps=1e-05, momentum=0.1, affine=True, track_running_stats=True)
      (relu): ReLU(inplace=True)
    )
    (15): Bottleneck(
      (conv1): Conv2d(1024, 256, kernel_size=(1, 1), stride=(1, 1), bias=False)
      (bn1): BatchNorm2d(256, eps=1e-05, momentum=0.1, affine=True, track_running_stats=True)
      (conv2): Conv2d(256, 256, kernel_size=(3, 3), stride=(1, 1), padding=(2, 2), dilation=(2, 2), bias=False)
      (bn2): BatchNorm2d(256, eps=1e-05, momentum=0.1, affine=True, track_running_stats=True)
      (conv3): Conv2d(256, 1024, kernel_size=(1, 1), stride=(1, 1), bias=False)
      (bn3): BatchNorm2d(1024, eps=1e-05, momentum=0.1, affine=True, track_running_stats=True)
      (relu): ReLU(inplace=True)
    )
    (16): Bottleneck(
      (conv1): Conv2d(1024, 256, kernel_size=(1, 1), stride=(1, 1), bias=False)
      (bn1): BatchNorm2d(256, eps=1e-05, momentum=0.1, affine=True, track_running_stats=True)
      (conv2): Conv2d(256, 256, kernel_size=(3, 3), stride=(1, 1), padding=(2, 2), dilation=(2, 2), bias=False)
      (bn2): BatchNorm2d(256, eps=1e-05, momentum=0.1, affine=True, track_running_stats=True)
      (conv3): Conv2d(256, 1024, kernel_size=(1, 1), stride=(1, 1), bias=False)
      (bn3): BatchNorm2d(1024, eps=1e-05, momentum=0.1, affine=True, track_running_stats=True)
      (relu): ReLU(inplace=True)
    )
    (17): Bottleneck(
      (conv1): Conv2d(1024, 256, kernel_size=(1, 1), stride=(1, 1), bias=False)
      (bn1): BatchNorm2d(256, eps=1e-05, momentum=0.1, affine=True, track_running_stats=True)
      (conv2): Conv2d(256, 256, kernel_size=(3, 3), stride=(1, 1), padding=(2, 2), dilation=(2, 2), bias=False)
      (bn2): BatchNorm2d(256, eps=1e-05, momentum=0.1, affine=True, track_running_stats=True)
      (conv3): Conv2d(256, 1024, kernel_size=(1, 1), stride=(1, 1), bias=False)
      (bn3): BatchNorm2d(1024, eps=1e-05, momentum=0.1, affine=True, track_running_stats=True)
      (relu): ReLU(inplace=True)
    )
    (18): Bottleneck(
      (conv1): Conv2d(1024, 256, kernel_size=(1, 1), stride=(1, 1), bias=False)
      (bn1): BatchNorm2d(256, eps=1e-05, momentum=0.1, affine=True, track_running_stats=True)
      (conv2): Conv2d(256, 256, kernel_size=(3, 3), stride=(1, 1), padding=(2, 2), dilation=(2, 2), bias=False)
      (bn2): BatchNorm2d(256, eps=1e-05, momentum=0.1, affine=True, track_running_stats=True)
      (conv3): Conv2d(256, 1024, kernel_size=(1, 1), stride=(1, 1), bias=False)
      (bn3): BatchNorm2d(1024, eps=1e-05, momentum=0.1, affine=True, track_running_stats=True)
      (relu): ReLU(inplace=True)
    )
    (19): Bottleneck(
      (conv1): Conv2d(1024, 256, kernel_size=(1, 1), stride=(1, 1), bias=False)
      (bn1): BatchNorm2d(256, eps=1e-05, momentum=0.1, affine=True, track_running_stats=True)
      (conv2): Conv2d(256, 256, kernel_size=(3, 3), stride=(1, 1), padding=(2, 2), dilation=(2, 2), bias=False)
      (bn2): BatchNorm2d(256, eps=1e-05, momentum=0.1, affine=True, track_running_stats=True)
      (conv3): Conv2d(256, 1024, kernel_size=(1, 1), stride=(1, 1), bias=False)
      (bn3): BatchNorm2d(1024, eps=1e-05, momentum=0.1, affine=True, track_running_stats=True)
      (relu): ReLU(inplace=True)
    )
    (20): Bottleneck(
      (conv1): Conv2d(1024, 256, kernel_size=(1, 1), stride=(1, 1), bias=False)
      (bn1): BatchNorm2d(256, eps=1e-05, momentum=0.1, affine=True, track_running_stats=True)
      (conv2): Conv2d(256, 256, kernel_size=(3, 3), stride=(1, 1), padding=(2, 2), dilation=(2, 2), bias=False)
      (bn2): BatchNorm2d(256, eps=1e-05, momentum=0.1, affine=True, track_running_stats=True)
      (conv3): Conv2d(256, 1024, kernel_size=(1, 1), stride=(1, 1), bias=False)
      (bn3): BatchNorm2d(1024, eps=1e-05, momentum=0.1, affine=True, track_running_stats=True)
      (relu): ReLU(inplace=True)
    )
    (21): Bottleneck(
      (conv1): Conv2d(1024, 256, kernel_size=(1, 1), stride=(1, 1), bias=False)
      (bn1): BatchNorm2d(256, eps=1e-05, momentum=0.1, affine=True, track_running_stats=True)
      (conv2): Conv2d(256, 256, kernel_size=(3, 3), stride=(1, 1), padding=(2, 2), dilation=(2, 2), bias=False)
      (bn2): BatchNorm2d(256, eps=1e-05, momentum=0.1, affine=True, track_running_stats=True)
      (conv3): Conv2d(256, 1024, kernel_size=(1, 1), stride=(1, 1), bias=False)
      (bn3): BatchNorm2d(1024, eps=1e-05, momentum=0.1, affine=True, track_running_stats=True)
      (relu): ReLU(inplace=True)
    )
    (22): Bottleneck(
      (conv1): Conv2d(1024, 256, kernel_size=(1, 1), stride=(1, 1), bias=False)
      (bn1): BatchNorm2d(256, eps=1e-05, momentum=0.1, affine=True, track_running_stats=True)
      (conv2): Conv2d(256, 256, kernel_size=(3, 3), stride=(1, 1), padding=(2, 2), dilation=(2, 2), bias=False)
      (bn2): BatchNorm2d(256, eps=1e-05, momentum=0.1, affine=True, track_running_stats=True)
      (conv3): Conv2d(256, 1024, kernel_size=(1, 1), stride=(1, 1), bias=False)
      (bn3): BatchNorm2d(1024, eps=1e-05, momentum=0.1, affine=True, track_running_stats=True)
      (relu): ReLU(inplace=True)
    )
  )
  (layer4): Sequential(
    (0): Bottleneck(
      (conv1): Conv2d(1024, 512, kernel_size=(1, 1), stride=(1, 1), bias=False)
      (bn1): BatchNorm2d(512, eps=1e-05, momentum=0.1, affine=True, track_running_stats=True)
      (conv2): Conv2d(512, 512, kernel_size=(3, 3), stride=(1, 1), padding=(4, 4), dilation=(4, 4), bias=False)
      (bn2): BatchNorm2d(512, eps=1e-05, momentum=0.1, affine=True, track_running_stats=True)
      (conv3): Conv2d(512, 2048, kernel_size=(1, 1), stride=(1, 1), bias=False)
      (bn3): BatchNorm2d(2048, eps=1e-05, momentum=0.1, affine=True, track_running_stats=True)
      (relu): ReLU(inplace=True)
      (downsample): Sequential(
        (0): Conv2d(1024, 2048, kernel_size=(1, 1), stride=(1, 1), bias=False)
        (1): BatchNorm2d(2048, eps=1e-05, momentum=0.1, affine=True, track_running_stats=True)
      )
    )
    (1): Bottleneck(
      (conv1): Conv2d(2048, 512, kernel_size=(1, 1), stride=(1, 1), bias=False)
      (bn1): BatchNorm2d(512, eps=1e-05, momentum=0.1, affine=True, track_running_stats=True)
      (conv2): Conv2d(512, 512, kernel_size=(3, 3), stride=(1, 1), padding=(4, 4), dilation=(4, 4), bias=False)
      (bn2): BatchNorm2d(512, eps=1e-05, momentum=0.1, affine=True, track_running_stats=True)
      (conv3): Conv2d(512, 2048, kernel_size=(1, 1), stride=(1, 1), bias=False)
      (bn3): BatchNorm2d(2048, eps=1e-05, momentum=0.1, affine=True, track_running_stats=True)
      (relu): ReLU(inplace=True)
    )
    (2): Bottleneck(
      (conv1): Conv2d(2048, 512, kernel_size=(1, 1), stride=(1, 1), bias=False)
      (bn1): BatchNorm2d(512, eps=1e-05, momentum=0.1, affine=True, track_running_stats=True)
      (conv2): Conv2d(512, 512, kernel_size=(3, 3), stride=(1, 1), padding=(4, 4), dilation=(4, 4), bias=False)
      (bn2): BatchNorm2d(512, eps=1e-05, momentum=0.1, affine=True, track_running_stats=True)
      (conv3): Conv2d(512, 2048, kernel_size=(1, 1), stride=(1, 1), bias=False)
      (bn3): BatchNorm2d(2048, eps=1e-05, momentum=0.1, affine=True, track_running_stats=True)
      (relu): ReLU(inplace=True)
    )
  )
  (ppm): PPM(
    (features): ModuleList(
      (0): Sequential(
        (0): AdaptiveAvgPool2d(output_size=1)
        (1): Conv2d(2048, 512, kernel_size=(1, 1), stride=(1, 1), bias=False)
        (2): BatchNorm2d(512, eps=1e-05, momentum=0.1, affine=True, track_running_stats=True)
        (3): ReLU(inplace=True)
      )
      (1): Sequential(
        (0): AdaptiveAvgPool2d(output_size=2)
        (1): Conv2d(2048, 512, kernel_size=(1, 1), stride=(1, 1), bias=False)
        (2): BatchNorm2d(512, eps=1e-05, momentum=0.1, affine=True, track_running_stats=True)
        (3): ReLU(inplace=True)
      )
      (2): Sequential(
        (0): AdaptiveAvgPool2d(output_size=3)
        (1): Conv2d(2048, 512, kernel_size=(1, 1), stride=(1, 1), bias=False)
        (2): BatchNorm2d(512, eps=1e-05, momentum=0.1, affine=True, track_running_stats=True)
        (3): ReLU(inplace=True)
      )
      (3): Sequential(
        (0): AdaptiveAvgPool2d(output_size=6)
        (1): Conv2d(2048, 512, kernel_size=(1, 1), stride=(1, 1), bias=False)
        (2): BatchNorm2d(512, eps=1e-05, momentum=0.1, affine=True, track_running_stats=True)
        (3): ReLU(inplace=True)
      )
    )
  )
  (cls): Sequential(
    (0): Conv2d(4096, 512, kernel_size=(3, 3), stride=(1, 1), padding=(1, 1), bias=False)
    (1): BatchNorm2d(512, eps=1e-05, momentum=0.1, affine=True, track_running_stats=True)
    (2): ReLU(inplace=True)
    (3): Dropout2d(p=0.1, inplace=False)
    (4): Conv2d(512, 21, kernel_size=(1, 1), stride=(1, 1))
  )
  (aux): Sequential(
    (0): Conv2d(1024, 256, kernel_size=(3, 3), stride=(1, 1), padding=(1, 1), bias=False)
    (1): BatchNorm2d(256, eps=1e-05, momentum=0.1, affine=True, track_running_stats=True)
    (2): ReLU(inplace=True)
    (3): Dropout2d(p=0.1, inplace=False)
    (4): Conv2d(256, 21, kernel_size=(1, 1), stride=(1, 1))
  )
)
[2024-12-21 01:56:01,935 INFO test.py line 111 3332982] => loading checkpoint 'exp/voc2012/pspnet101/model/train_epoch_43.pth'
/data/data2/semseg/exp/voc2012/pspnet101/test.py:112: FutureWarning: You are using `torch.load` with `weights_only=False` (the current default value), which uses the default pickle module implicitly. It is possible to construct malicious pickle data which will execute arbitrary code during unpickling (See https://github.com/pytorch/pytorch/blob/main/SECURITY.md#untrusted-models for more details). In a future release, the default value for `weights_only` will be flipped to `True`. This limits the functions that could be executed during unpickling. Arbitrary objects will no longer be allowed to be loaded via this mode unless they are explicitly allowlisted by the user via `torch.serialization.add_safe_globals`. We recommend you start setting `weights_only=True` for any use case where you don't have full control of the loaded file. Please open an issue on GitHub for any issues related to this experimental feature.
  checkpoint = torch.load(args.model_path)
[2024-12-21 01:56:02,284 INFO test.py line 114 3332982] => loaded checkpoint 'exp/voc2012/pspnet101/model/train_epoch_43.pth'
[2024-12-21 01:56:02,284 INFO test.py line 182 3332982] >>>>>>>>>>>>>>>> Start Evaluation >>>>>>>>>>>>>>>>
[2024-12-21 01:56:11,531 INFO test.py line 208 3332982] Test: [10/1449] Data 0.003 (0.095) Batch 0.127 (0.925).
[2024-12-21 01:56:12,644 INFO test.py line 208 3332982] Test: [20/1449] Data 0.003 (0.049) Batch 0.127 (0.518).
[2024-12-21 01:56:13,935 INFO test.py line 208 3332982] Test: [30/1449] Data 0.004 (0.034) Batch 0.125 (0.388).
[2024-12-21 01:56:15,168 INFO test.py line 208 3332982] Test: [40/1449] Data 0.005 (0.026) Batch 0.129 (0.322).
[2024-12-21 01:56:16,570 INFO test.py line 208 3332982] Test: [50/1449] Data 0.003 (0.022) Batch 0.135 (0.286).
[2024-12-21 01:56:17,986 INFO test.py line 208 3332982] Test: [60/1449] Data 0.003 (0.019) Batch 0.128 (0.262).
[2024-12-21 01:56:19,340 INFO test.py line 208 3332982] Test: [70/1449] Data 0.003 (0.016) Batch 0.124 (0.244).
[2024-12-21 01:56:20,592 INFO test.py line 208 3332982] Test: [80/1449] Data 0.004 (0.015) Batch 0.132 (0.229).
[2024-12-21 01:56:21,835 INFO test.py line 208 3332982] Test: [90/1449] Data 0.003 (0.014) Batch 0.125 (0.217).
[2024-12-21 01:56:23,133 INFO test.py line 208 3332982] Test: [100/1449] Data 0.004 (0.013) Batch 0.115 (0.208).
[2024-12-21 01:56:24,332 INFO test.py line 208 3332982] Test: [110/1449] Data 0.004 (0.012) Batch 0.108 (0.200).
[2024-12-21 01:56:25,574 INFO test.py line 208 3332982] Test: [120/1449] Data 0.003 (0.011) Batch 0.126 (0.194).
[2024-12-21 01:56:26,859 INFO test.py line 208 3332982] Test: [130/1449] Data 0.002 (0.010) Batch 0.123 (0.189).
[2024-12-21 01:56:28,177 INFO test.py line 208 3332982] Test: [140/1449] Data 0.004 (0.010) Batch 0.136 (0.185).
[2024-12-21 01:56:29,363 INFO test.py line 208 3332982] Test: [150/1449] Data 0.002 (0.010) Batch 0.124 (0.181).
[2024-12-21 01:56:30,632 INFO test.py line 208 3332982] Test: [160/1449] Data 0.005 (0.009) Batch 0.140 (0.177).
[2024-12-21 01:56:31,918 INFO test.py line 208 3332982] Test: [170/1449] Data 0.005 (0.009) Batch 0.141 (0.174).
[2024-12-21 01:56:33,202 INFO test.py line 208 3332982] Test: [180/1449] Data 0.004 (0.009) Batch 0.123 (0.172).
[2024-12-21 01:56:34,405 INFO test.py line 208 3332982] Test: [190/1449] Data 0.003 (0.008) Batch 0.124 (0.169).
[2024-12-21 01:56:35,784 INFO test.py line 208 3332982] Test: [200/1449] Data 0.004 (0.008) Batch 0.208 (0.167).
[2024-12-21 01:56:37,085 INFO test.py line 208 3332982] Test: [210/1449] Data 0.003 (0.008) Batch 0.140 (0.166).
[2024-12-21 01:56:38,352 INFO test.py line 208 3332982] Test: [220/1449] Data 0.004 (0.008) Batch 0.125 (0.164).
[2024-12-21 01:56:39,621 INFO test.py line 208 3332982] Test: [230/1449] Data 0.003 (0.007) Batch 0.131 (0.162).
[2024-12-21 01:56:40,897 INFO test.py line 208 3332982] Test: [240/1449] Data 0.003 (0.007) Batch 0.117 (0.161).
[2024-12-21 01:56:42,059 INFO test.py line 208 3332982] Test: [250/1449] Data 0.004 (0.007) Batch 0.121 (0.159).
[2024-12-21 01:56:43,336 INFO test.py line 208 3332982] Test: [260/1449] Data 0.003 (0.007) Batch 0.113 (0.158).
[2024-12-21 01:56:44,479 INFO test.py line 208 3332982] Test: [270/1449] Data 0.003 (0.007) Batch 0.112 (0.156).
[2024-12-21 01:56:45,546 INFO test.py line 208 3332982] Test: [280/1449] Data 0.004 (0.007) Batch 0.105 (0.154).
[2024-12-21 01:56:46,781 INFO test.py line 208 3332982] Test: [290/1449] Data 0.003 (0.007) Batch 0.124 (0.153).
[2024-12-21 01:56:48,059 INFO test.py line 208 3332982] Test: [300/1449] Data 0.005 (0.007) Batch 0.125 (0.153).
[2024-12-21 01:56:49,433 INFO test.py line 208 3332982] Test: [310/1449] Data 0.004 (0.006) Batch 0.138 (0.152).
[2024-12-21 01:56:50,575 INFO test.py line 208 3332982] Test: [320/1449] Data 0.003 (0.006) Batch 0.108 (0.151).
[2024-12-21 01:56:51,833 INFO test.py line 208 3332982] Test: [330/1449] Data 0.003 (0.006) Batch 0.108 (0.150).
[2024-12-21 01:56:53,029 INFO test.py line 208 3332982] Test: [340/1449] Data 0.004 (0.006) Batch 0.127 (0.149).
[2024-12-21 01:56:54,275 INFO test.py line 208 3332982] Test: [350/1449] Data 0.003 (0.006) Batch 0.123 (0.149).
[2024-12-21 01:56:55,522 INFO test.py line 208 3332982] Test: [360/1449] Data 0.002 (0.006) Batch 0.128 (0.148).
[2024-12-21 01:56:56,750 INFO test.py line 208 3332982] Test: [370/1449] Data 0.003 (0.006) Batch 0.110 (0.147).
[2024-12-21 01:56:57,966 INFO test.py line 208 3332982] Test: [380/1449] Data 0.004 (0.006) Batch 0.125 (0.147).
[2024-12-21 01:56:59,227 INFO test.py line 208 3332982] Test: [390/1449] Data 0.003 (0.006) Batch 0.112 (0.146).
[2024-12-21 01:57:00,477 INFO test.py line 208 3332982] Test: [400/1449] Data 0.003 (0.006) Batch 0.121 (0.145).
[2024-12-21 01:57:01,838 INFO test.py line 208 3332982] Test: [410/1449] Data 0.004 (0.006) Batch 0.129 (0.145).
[2024-12-21 01:57:03,066 INFO test.py line 208 3332982] Test: [420/1449] Data 0.004 (0.006) Batch 0.108 (0.145).
[2024-12-21 01:57:04,327 INFO test.py line 208 3332982] Test: [430/1449] Data 0.003 (0.006) Batch 0.111 (0.144).
[2024-12-21 01:57:05,532 INFO test.py line 208 3332982] Test: [440/1449] Data 0.004 (0.006) Batch 0.140 (0.144).
[2024-12-21 01:57:06,942 INFO test.py line 208 3332982] Test: [450/1449] Data 0.004 (0.006) Batch 0.112 (0.144).
[2024-12-21 01:57:08,094 INFO test.py line 208 3332982] Test: [460/1449] Data 0.003 (0.005) Batch 0.099 (0.143).
[2024-12-21 01:57:09,336 INFO test.py line 208 3332982] Test: [470/1449] Data 0.004 (0.005) Batch 0.114 (0.143).
[2024-12-21 01:57:10,604 INFO test.py line 208 3332982] Test: [480/1449] Data 0.003 (0.005) Batch 0.124 (0.142).
[2024-12-21 01:57:11,920 INFO test.py line 208 3332982] Test: [490/1449] Data 0.003 (0.005) Batch 0.123 (0.142).
[2024-12-21 01:57:13,080 INFO test.py line 208 3332982] Test: [500/1449] Data 0.004 (0.005) Batch 0.118 (0.142).
[2024-12-21 01:57:14,206 INFO test.py line 208 3332982] Test: [510/1449] Data 0.004 (0.005) Batch 0.128 (0.141).
[2024-12-21 01:57:15,437 INFO test.py line 208 3332982] Test: [520/1449] Data 0.004 (0.005) Batch 0.124 (0.141).
[2024-12-21 01:57:16,711 INFO test.py line 208 3332982] Test: [530/1449] Data 0.004 (0.005) Batch 0.128 (0.140).
[2024-12-21 01:57:17,969 INFO test.py line 208 3332982] Test: [540/1449] Data 0.004 (0.005) Batch 0.132 (0.140).
[2024-12-21 01:57:19,123 INFO test.py line 208 3332982] Test: [550/1449] Data 0.004 (0.005) Batch 0.111 (0.140).
[2024-12-21 01:57:20,317 INFO test.py line 208 3332982] Test: [560/1449] Data 0.004 (0.005) Batch 0.126 (0.139).
[2024-12-21 01:57:21,618 INFO test.py line 208 3332982] Test: [570/1449] Data 0.003 (0.005) Batch 0.111 (0.139).
[2024-12-21 01:57:22,899 INFO test.py line 208 3332982] Test: [580/1449] Data 0.004 (0.005) Batch 0.121 (0.139).
[2024-12-21 01:57:24,154 INFO test.py line 208 3332982] Test: [590/1449] Data 0.003 (0.005) Batch 0.124 (0.139).
[2024-12-21 01:57:25,364 INFO test.py line 208 3332982] Test: [600/1449] Data 0.003 (0.005) Batch 0.134 (0.138).
[2024-12-21 01:57:26,482 INFO test.py line 208 3332982] Test: [610/1449] Data 0.004 (0.005) Batch 0.102 (0.138).
[2024-12-21 01:57:27,637 INFO test.py line 208 3332982] Test: [620/1449] Data 0.003 (0.005) Batch 0.099 (0.138).
[2024-12-21 01:57:28,693 INFO test.py line 208 3332982] Test: [630/1449] Data 0.003 (0.005) Batch 0.097 (0.137).
[2024-12-21 01:57:30,016 INFO test.py line 208 3332982] Test: [640/1449] Data 0.003 (0.005) Batch 0.112 (0.137).
[2024-12-21 01:57:31,268 INFO test.py line 208 3332982] Test: [650/1449] Data 0.003 (0.005) Batch 0.125 (0.137).
[2024-12-21 01:57:32,423 INFO test.py line 208 3332982] Test: [660/1449] Data 0.003 (0.005) Batch 0.109 (0.137).
[2024-12-21 01:57:33,511 INFO test.py line 208 3332982] Test: [670/1449] Data 0.002 (0.005) Batch 0.108 (0.136).
[2024-12-21 01:57:34,635 INFO test.py line 208 3332982] Test: [680/1449] Data 0.003 (0.005) Batch 0.109 (0.136).
[2024-12-21 01:57:35,704 INFO test.py line 208 3332982] Test: [690/1449] Data 0.003 (0.005) Batch 0.098 (0.135).
[2024-12-21 01:57:36,843 INFO test.py line 208 3332982] Test: [700/1449] Data 0.003 (0.005) Batch 0.124 (0.135).
[2024-12-21 01:57:38,160 INFO test.py line 208 3332982] Test: [710/1449] Data 0.004 (0.005) Batch 0.124 (0.135).
[2024-12-21 01:57:39,412 INFO test.py line 208 3332982] Test: [720/1449] Data 0.003 (0.005) Batch 0.113 (0.135).
[2024-12-21 01:57:40,594 INFO test.py line 208 3332982] Test: [730/1449] Data 0.004 (0.005) Batch 0.128 (0.135).
[2024-12-21 01:57:41,849 INFO test.py line 208 3332982] Test: [740/1449] Data 0.003 (0.005) Batch 0.128 (0.135).
[2024-12-21 01:57:43,192 INFO test.py line 208 3332982] Test: [750/1449] Data 0.003 (0.005) Batch 0.124 (0.135).
[2024-12-21 01:57:44,433 INFO test.py line 208 3332982] Test: [760/1449] Data 0.003 (0.005) Batch 0.124 (0.134).
[2024-12-21 01:57:45,658 INFO test.py line 208 3332982] Test: [770/1449] Data 0.004 (0.005) Batch 0.107 (0.134).
[2024-12-21 01:57:46,802 INFO test.py line 208 3332982] Test: [780/1449] Data 0.003 (0.005) Batch 0.123 (0.134).
[2024-12-21 01:57:47,981 INFO test.py line 208 3332982] Test: [790/1449] Data 0.004 (0.005) Batch 0.103 (0.134).
[2024-12-21 01:57:49,214 INFO test.py line 208 3332982] Test: [800/1449] Data 0.002 (0.005) Batch 0.140 (0.134).
[2024-12-21 01:57:50,512 INFO test.py line 208 3332982] Test: [810/1449] Data 0.003 (0.005) Batch 0.139 (0.134).
[2024-12-21 01:57:51,767 INFO test.py line 208 3332982] Test: [820/1449] Data 0.004 (0.005) Batch 0.112 (0.134).
[2024-12-21 01:57:53,074 INFO test.py line 208 3332982] Test: [830/1449] Data 0.003 (0.005) Batch 0.131 (0.133).
[2024-12-21 01:57:54,324 INFO test.py line 208 3332982] Test: [840/1449] Data 0.004 (0.005) Batch 0.130 (0.133).
[2024-12-21 01:57:55,665 INFO test.py line 208 3332982] Test: [850/1449] Data 0.004 (0.005) Batch 0.110 (0.133).
[2024-12-21 01:57:56,818 INFO test.py line 208 3332982] Test: [860/1449] Data 0.004 (0.005) Batch 0.114 (0.133).
[2024-12-21 01:57:57,886 INFO test.py line 208 3332982] Test: [870/1449] Data 0.003 (0.005) Batch 0.110 (0.133).
[2024-12-21 01:57:59,037 INFO test.py line 208 3332982] Test: [880/1449] Data 0.003 (0.005) Batch 0.101 (0.133).
[2024-12-21 01:58:00,290 INFO test.py line 208 3332982] Test: [890/1449] Data 0.004 (0.004) Batch 0.115 (0.133).
[2024-12-21 01:58:01,479 INFO test.py line 208 3332982] Test: [900/1449] Data 0.003 (0.004) Batch 0.126 (0.132).
[2024-12-21 01:58:02,668 INFO test.py line 208 3332982] Test: [910/1449] Data 0.003 (0.004) Batch 0.124 (0.132).
[2024-12-21 01:58:03,815 INFO test.py line 208 3332982] Test: [920/1449] Data 0.003 (0.004) Batch 0.107 (0.132).
[2024-12-21 01:58:05,015 INFO test.py line 208 3332982] Test: [930/1449] Data 0.003 (0.004) Batch 0.126 (0.132).
[2024-12-21 01:58:06,327 INFO test.py line 208 3332982] Test: [940/1449] Data 0.004 (0.004) Batch 0.123 (0.132).
[2024-12-21 01:58:07,587 INFO test.py line 208 3332982] Test: [950/1449] Data 0.002 (0.004) Batch 0.135 (0.132).
[2024-12-21 01:58:08,837 INFO test.py line 208 3332982] Test: [960/1449] Data 0.004 (0.004) Batch 0.134 (0.132).
[2024-12-21 01:58:10,128 INFO test.py line 208 3332982] Test: [970/1449] Data 0.004 (0.004) Batch 0.124 (0.132).
[2024-12-21 01:58:11,399 INFO test.py line 208 3332982] Test: [980/1449] Data 0.003 (0.004) Batch 0.142 (0.132).
[2024-12-21 01:58:12,631 INFO test.py line 208 3332982] Test: [990/1449] Data 0.004 (0.004) Batch 0.127 (0.132).
[2024-12-21 01:58:13,833 INFO test.py line 208 3332982] Test: [1000/1449] Data 0.003 (0.004) Batch 0.117 (0.132).
[2024-12-21 01:58:15,002 INFO test.py line 208 3332982] Test: [1010/1449] Data 0.003 (0.004) Batch 0.123 (0.131).
[2024-12-21 01:58:16,234 INFO test.py line 208 3332982] Test: [1020/1449] Data 0.002 (0.004) Batch 0.125 (0.131).
[2024-12-21 01:58:17,459 INFO test.py line 208 3332982] Test: [1030/1449] Data 0.004 (0.004) Batch 0.108 (0.131).
[2024-12-21 01:58:18,721 INFO test.py line 208 3332982] Test: [1040/1449] Data 0.003 (0.004) Batch 0.129 (0.131).
[2024-12-21 01:58:19,929 INFO test.py line 208 3332982] Test: [1050/1449] Data 0.004 (0.004) Batch 0.109 (0.131).
[2024-12-21 01:58:21,103 INFO test.py line 208 3332982] Test: [1060/1449] Data 0.003 (0.004) Batch 0.114 (0.131).
[2024-12-21 01:58:22,339 INFO test.py line 208 3332982] Test: [1070/1449] Data 0.004 (0.004) Batch 0.125 (0.131).
[2024-12-21 01:58:23,583 INFO test.py line 208 3332982] Test: [1080/1449] Data 0.005 (0.004) Batch 0.128 (0.131).
[2024-12-21 01:58:24,758 INFO test.py line 208 3332982] Test: [1090/1449] Data 0.003 (0.004) Batch 0.125 (0.131).
[2024-12-21 01:58:25,994 INFO test.py line 208 3332982] Test: [1100/1449] Data 0.003 (0.004) Batch 0.127 (0.131).
[2024-12-21 01:58:27,509 INFO test.py line 208 3332982] Test: [1110/1449] Data 0.004 (0.004) Batch 0.121 (0.131).
[2024-12-21 01:58:28,717 INFO test.py line 208 3332982] Test: [1120/1449] Data 0.003 (0.004) Batch 0.132 (0.131).
[2024-12-21 01:58:29,956 INFO test.py line 208 3332982] Test: [1130/1449] Data 0.003 (0.004) Batch 0.126 (0.131).
[2024-12-21 01:58:31,220 INFO test.py line 208 3332982] Test: [1140/1449] Data 0.004 (0.004) Batch 0.121 (0.131).
[2024-12-21 01:58:32,469 INFO test.py line 208 3332982] Test: [1150/1449] Data 0.004 (0.004) Batch 0.126 (0.131).
[2024-12-21 01:58:33,786 INFO test.py line 208 3332982] Test: [1160/1449] Data 0.003 (0.004) Batch 0.107 (0.131).
[2024-12-21 01:58:35,005 INFO test.py line 208 3332982] Test: [1170/1449] Data 0.003 (0.004) Batch 0.124 (0.131).
[2024-12-21 01:58:36,341 INFO test.py line 208 3332982] Test: [1180/1449] Data 0.003 (0.004) Batch 0.125 (0.131).
[2024-12-21 01:58:37,637 INFO test.py line 208 3332982] Test: [1190/1449] Data 0.004 (0.004) Batch 0.126 (0.131).
[2024-12-21 01:58:38,892 INFO test.py line 208 3332982] Test: [1200/1449] Data 0.004 (0.004) Batch 0.128 (0.130).
[2024-12-21 01:58:40,173 INFO test.py line 208 3332982] Test: [1210/1449] Data 0.004 (0.004) Batch 0.115 (0.130).
[2024-12-21 01:58:41,434 INFO test.py line 208 3332982] Test: [1220/1449] Data 0.003 (0.004) Batch 0.124 (0.130).
[2024-12-21 01:58:42,675 INFO test.py line 208 3332982] Test: [1230/1449] Data 0.004 (0.004) Batch 0.136 (0.130).
[2024-12-21 01:58:43,932 INFO test.py line 208 3332982] Test: [1240/1449] Data 0.004 (0.004) Batch 0.138 (0.130).
[2024-12-21 01:58:45,158 INFO test.py line 208 3332982] Test: [1250/1449] Data 0.003 (0.004) Batch 0.109 (0.130).
[2024-12-21 01:58:46,295 INFO test.py line 208 3332982] Test: [1260/1449] Data 0.003 (0.004) Batch 0.125 (0.130).
[2024-12-21 01:58:47,442 INFO test.py line 208 3332982] Test: [1270/1449] Data 0.003 (0.004) Batch 0.127 (0.130).
[2024-12-21 01:58:48,633 INFO test.py line 208 3332982] Test: [1280/1449] Data 0.003 (0.004) Batch 0.111 (0.130).
[2024-12-21 01:58:49,858 INFO test.py line 208 3332982] Test: [1290/1449] Data 0.004 (0.004) Batch 0.113 (0.130).
[2024-12-21 01:58:51,115 INFO test.py line 208 3332982] Test: [1300/1449] Data 0.005 (0.004) Batch 0.132 (0.130).
[2024-12-21 01:58:52,393 INFO test.py line 208 3332982] Test: [1310/1449] Data 0.003 (0.004) Batch 0.141 (0.130).
[2024-12-21 01:58:53,599 INFO test.py line 208 3332982] Test: [1320/1449] Data 0.003 (0.004) Batch 0.111 (0.130).
[2024-12-21 01:58:54,777 INFO test.py line 208 3332982] Test: [1330/1449] Data 0.004 (0.004) Batch 0.135 (0.130).
[2024-12-21 01:58:56,018 INFO test.py line 208 3332982] Test: [1340/1449] Data 0.004 (0.004) Batch 0.110 (0.130).
[2024-12-21 01:58:57,190 INFO test.py line 208 3332982] Test: [1350/1449] Data 0.004 (0.004) Batch 0.104 (0.130).
[2024-12-21 01:58:58,498 INFO test.py line 208 3332982] Test: [1360/1449] Data 0.004 (0.004) Batch 0.127 (0.130).
[2024-12-21 01:58:59,777 INFO test.py line 208 3332982] Test: [1370/1449] Data 0.003 (0.004) Batch 0.113 (0.130).
[2024-12-21 01:59:01,183 INFO test.py line 208 3332982] Test: [1380/1449] Data 0.006 (0.004) Batch 0.132 (0.130).
[2024-12-21 01:59:02,430 INFO test.py line 208 3332982] Test: [1390/1449] Data 0.004 (0.004) Batch 0.118 (0.130).
[2024-12-21 01:59:03,626 INFO test.py line 208 3332982] Test: [1400/1449] Data 0.004 (0.004) Batch 0.123 (0.130).
[2024-12-21 01:59:04,842 INFO test.py line 208 3332982] Test: [1410/1449] Data 0.004 (0.004) Batch 0.115 (0.129).
[2024-12-21 01:59:06,102 INFO test.py line 208 3332982] Test: [1420/1449] Data 0.002 (0.004) Batch 0.135 (0.129).
[2024-12-21 01:59:07,494 INFO test.py line 208 3332982] Test: [1430/1449] Data 0.003 (0.004) Batch 0.109 (0.130).
[2024-12-21 01:59:08,648 INFO test.py line 208 3332982] Test: [1440/1449] Data 0.003 (0.004) Batch 0.110 (0.129).
[2024-12-21 01:59:09,751 INFO test.py line 208 3332982] Test: [1449/1449] Data 0.003 (0.004) Batch 0.244 (0.129).
[2024-12-21 01:59:09,809 INFO test.py line 223 3332982] <<<<<<<<<<<<<<<<< End Evaluation <<<<<<<<<<<<<<<<<
[2024-12-21 01:59:09,818 INFO test.py line 240 3332982] Evaluating 1/1449 on image 2007_000033.png, accuracy 0.9740.
[2024-12-21 01:59:09,825 INFO test.py line 240 3332982] Evaluating 2/1449 on image 2007_000042.png, accuracy 0.9139.
[2024-12-21 01:59:09,832 INFO test.py line 240 3332982] Evaluating 3/1449 on image 2007_000061.png, accuracy 0.9603.
[2024-12-21 01:59:09,840 INFO test.py line 240 3332982] Evaluating 4/1449 on image 2007_000123.png, accuracy 0.8757.
[2024-12-21 01:59:09,848 INFO test.py line 240 3332982] Evaluating 5/1449 on image 2007_000129.png, accuracy 0.9077.
[2024-12-21 01:59:09,856 INFO test.py line 240 3332982] Evaluating 6/1449 on image 2007_000175.png, accuracy 0.9780.
[2024-12-21 01:59:09,863 INFO test.py line 240 3332982] Evaluating 7/1449 on image 2007_000187.png, accuracy 0.8067.
[2024-12-21 01:59:09,871 INFO test.py line 240 3332982] Evaluating 8/1449 on image 2007_000323.png, accuracy 0.5129.
[2024-12-21 01:59:09,878 INFO test.py line 240 3332982] Evaluating 9/1449 on image 2007_000332.png, accuracy 0.9817.
[2024-12-21 01:59:09,886 INFO test.py line 240 3332982] Evaluating 10/1449 on image 2007_000346.png, accuracy 0.8710.
[2024-12-21 01:59:09,894 INFO test.py line 240 3332982] Evaluating 11/1449 on image 2007_000452.png, accuracy 0.8892.
[2024-12-21 01:59:09,902 INFO test.py line 240 3332982] Evaluating 12/1449 on image 2007_000464.png, accuracy 0.9967.
[2024-12-21 01:59:09,909 INFO test.py line 240 3332982] Evaluating 13/1449 on image 2007_000491.png, accuracy 0.9300.
[2024-12-21 01:59:09,917 INFO test.py line 240 3332982] Evaluating 14/1449 on image 2007_000529.png, accuracy 0.9194.
[2024-12-21 01:59:09,925 INFO test.py line 240 3332982] Evaluating 15/1449 on image 2007_000559.png, accuracy 0.8927.
[2024-12-21 01:59:09,932 INFO test.py line 240 3332982] Evaluating 16/1449 on image 2007_000572.png, accuracy 0.9411.
[2024-12-21 01:59:09,937 INFO test.py line 240 3332982] Evaluating 17/1449 on image 2007_000629.png, accuracy 0.9124.
[2024-12-21 01:59:09,944 INFO test.py line 240 3332982] Evaluating 18/1449 on image 2007_000636.png, accuracy 0.8697.
[2024-12-21 01:59:09,952 INFO test.py line 240 3332982] Evaluating 19/1449 on image 2007_000661.png, accuracy 0.9243.
[2024-12-21 01:59:09,960 INFO test.py line 240 3332982] Evaluating 20/1449 on image 2007_000663.png, accuracy 0.6269.
[2024-12-21 01:59:09,968 INFO test.py line 240 3332982] Evaluating 21/1449 on image 2007_000676.png, accuracy 0.9962.
[2024-12-21 01:59:09,976 INFO test.py line 240 3332982] Evaluating 22/1449 on image 2007_000727.png, accuracy 0.9612.
[2024-12-21 01:59:09,984 INFO test.py line 240 3332982] Evaluating 23/1449 on image 2007_000762.png, accuracy 0.8070.
[2024-12-21 01:59:09,993 INFO test.py line 240 3332982] Evaluating 24/1449 on image 2007_000783.png, accuracy 0.9646.
[2024-12-21 01:59:10,002 INFO test.py line 240 3332982] Evaluating 25/1449 on image 2007_000799.png, accuracy 0.9303.
[2024-12-21 01:59:10,009 INFO test.py line 240 3332982] Evaluating 26/1449 on image 2007_000804.png, accuracy 0.8659.
[2024-12-21 01:59:10,017 INFO test.py line 240 3332982] Evaluating 27/1449 on image 2007_000830.png, accuracy 0.9701.
[2024-12-21 01:59:10,023 INFO test.py line 240 3332982] Evaluating 28/1449 on image 2007_000837.png, accuracy 0.9899.
[2024-12-21 01:59:10,031 INFO test.py line 240 3332982] Evaluating 29/1449 on image 2007_000847.png, accuracy 0.9556.
[2024-12-21 01:59:10,038 INFO test.py line 240 3332982] Evaluating 30/1449 on image 2007_000862.png, accuracy 0.9988.
[2024-12-21 01:59:10,046 INFO test.py line 240 3332982] Evaluating 31/1449 on image 2007_000925.png, accuracy 0.9958.
[2024-12-21 01:59:10,054 INFO test.py line 240 3332982] Evaluating 32/1449 on image 2007_000999.png, accuracy 0.9576.
[2024-12-21 01:59:10,062 INFO test.py line 240 3332982] Evaluating 33/1449 on image 2007_001154.png, accuracy 0.9142.
[2024-12-21 01:59:10,070 INFO test.py line 240 3332982] Evaluating 34/1449 on image 2007_001175.png, accuracy 0.9599.
[2024-12-21 01:59:10,078 INFO test.py line 240 3332982] Evaluating 35/1449 on image 2007_001239.png, accuracy 0.9940.
[2024-12-21 01:59:10,086 INFO test.py line 240 3332982] Evaluating 36/1449 on image 2007_001284.png, accuracy 0.9270.
[2024-12-21 01:59:10,093 INFO test.py line 240 3332982] Evaluating 37/1449 on image 2007_001288.png, accuracy 0.9877.
[2024-12-21 01:59:10,100 INFO test.py line 240 3332982] Evaluating 38/1449 on image 2007_001289.png, accuracy 0.9993.
[2024-12-21 01:59:10,109 INFO test.py line 240 3332982] Evaluating 39/1449 on image 2007_001299.png, accuracy 0.9911.
[2024-12-21 01:59:10,116 INFO test.py line 240 3332982] Evaluating 40/1449 on image 2007_001311.png, accuracy 0.9433.
[2024-12-21 01:59:10,123 INFO test.py line 240 3332982] Evaluating 41/1449 on image 2007_001321.png, accuracy 0.8935.
[2024-12-21 01:59:10,131 INFO test.py line 240 3332982] Evaluating 42/1449 on image 2007_001377.png, accuracy 0.9967.
[2024-12-21 01:59:10,138 INFO test.py line 240 3332982] Evaluating 43/1449 on image 2007_001408.png, accuracy 0.7970.
[2024-12-21 01:59:10,145 INFO test.py line 240 3332982] Evaluating 44/1449 on image 2007_001423.png, accuracy 0.9828.
[2024-12-21 01:59:10,153 INFO test.py line 240 3332982] Evaluating 45/1449 on image 2007_001430.png, accuracy 0.7950.
[2024-12-21 01:59:10,161 INFO test.py line 240 3332982] Evaluating 46/1449 on image 2007_001457.png, accuracy 0.9742.
[2024-12-21 01:59:10,168 INFO test.py line 240 3332982] Evaluating 47/1449 on image 2007_001458.png, accuracy 0.7752.
[2024-12-21 01:59:10,174 INFO test.py line 240 3332982] Evaluating 48/1449 on image 2007_001526.png, accuracy 0.9310.
[2024-12-21 01:59:10,181 INFO test.py line 240 3332982] Evaluating 49/1449 on image 2007_001568.png, accuracy 0.8597.
[2024-12-21 01:59:10,190 INFO test.py line 240 3332982] Evaluating 50/1449 on image 2007_001585.png, accuracy 0.8876.
[2024-12-21 01:59:10,198 INFO test.py line 240 3332982] Evaluating 51/1449 on image 2007_001586.png, accuracy 0.9574.
[2024-12-21 01:59:10,206 INFO test.py line 240 3332982] Evaluating 52/1449 on image 2007_001587.png, accuracy 0.9948.
[2024-12-21 01:59:10,213 INFO test.py line 240 3332982] Evaluating 53/1449 on image 2007_001594.png, accuracy 0.9595.
[2024-12-21 01:59:10,222 INFO test.py line 240 3332982] Evaluating 54/1449 on image 2007_001630.png, accuracy 0.9746.
[2024-12-21 01:59:10,229 INFO test.py line 240 3332982] Evaluating 55/1449 on image 2007_001677.png, accuracy 0.8750.
[2024-12-21 01:59:10,236 INFO test.py line 240 3332982] Evaluating 56/1449 on image 2007_001678.png, accuracy 0.8867.
[2024-12-21 01:59:10,245 INFO test.py line 240 3332982] Evaluating 57/1449 on image 2007_001717.png, accuracy 0.9145.
[2024-12-21 01:59:10,255 INFO test.py line 240 3332982] Evaluating 58/1449 on image 2007_001733.png, accuracy 0.9949.
[2024-12-21 01:59:10,262 INFO test.py line 240 3332982] Evaluating 59/1449 on image 2007_001761.png, accuracy 0.9835.
[2024-12-21 01:59:10,270 INFO test.py line 240 3332982] Evaluating 60/1449 on image 2007_001763.png, accuracy 0.6114.
[2024-12-21 01:59:10,277 INFO test.py line 240 3332982] Evaluating 61/1449 on image 2007_001774.png, accuracy 0.9975.
[2024-12-21 01:59:10,285 INFO test.py line 240 3332982] Evaluating 62/1449 on image 2007_001884.png, accuracy 0.9599.
[2024-12-21 01:59:10,291 INFO test.py line 240 3332982] Evaluating 63/1449 on image 2007_001955.png, accuracy 0.9879.
[2024-12-21 01:59:10,301 INFO test.py line 240 3332982] Evaluating 64/1449 on image 2007_002046.png, accuracy 0.9340.
[2024-12-21 01:59:10,308 INFO test.py line 240 3332982] Evaluating 65/1449 on image 2007_002094.png, accuracy 0.9944.
[2024-12-21 01:59:10,316 INFO test.py line 240 3332982] Evaluating 66/1449 on image 2007_002119.png, accuracy 0.9429.
[2024-12-21 01:59:10,324 INFO test.py line 240 3332982] Evaluating 67/1449 on image 2007_002132.png, accuracy 0.9850.
[2024-12-21 01:59:10,331 INFO test.py line 240 3332982] Evaluating 68/1449 on image 2007_002260.png, accuracy 0.9790.
[2024-12-21 01:59:10,339 INFO test.py line 240 3332982] Evaluating 69/1449 on image 2007_002266.png, accuracy 0.9865.
[2024-12-21 01:59:10,346 INFO test.py line 240 3332982] Evaluating 70/1449 on image 2007_002268.png, accuracy 0.6834.
[2024-12-21 01:59:10,354 INFO test.py line 240 3332982] Evaluating 71/1449 on image 2007_002284.png, accuracy 0.9238.
[2024-12-21 01:59:10,361 INFO test.py line 240 3332982] Evaluating 72/1449 on image 2007_002376.png, accuracy 0.9918.
[2024-12-21 01:59:10,370 INFO test.py line 240 3332982] Evaluating 73/1449 on image 2007_002378.png, accuracy 0.8332.
[2024-12-21 01:59:10,378 INFO test.py line 240 3332982] Evaluating 74/1449 on image 2007_002387.png, accuracy 0.9870.
[2024-12-21 01:59:10,385 INFO test.py line 240 3332982] Evaluating 75/1449 on image 2007_002400.png, accuracy 0.9955.
[2024-12-21 01:59:10,393 INFO test.py line 240 3332982] Evaluating 76/1449 on image 2007_002412.png, accuracy 0.9973.
[2024-12-21 01:59:10,400 INFO test.py line 240 3332982] Evaluating 77/1449 on image 2007_002426.png, accuracy 0.6305.
[2024-12-21 01:59:10,404 INFO test.py line 240 3332982] Evaluating 78/1449 on image 2007_002427.png, accuracy 0.7070.
[2024-12-21 01:59:10,411 INFO test.py line 240 3332982] Evaluating 79/1449 on image 2007_002445.png, accuracy 0.8971.
[2024-12-21 01:59:10,420 INFO test.py line 240 3332982] Evaluating 80/1449 on image 2007_002470.png, accuracy 0.9758.
[2024-12-21 01:59:10,427 INFO test.py line 240 3332982] Evaluating 81/1449 on image 2007_002539.png, accuracy 0.8814.
[2024-12-21 01:59:10,435 INFO test.py line 240 3332982] Evaluating 82/1449 on image 2007_002565.png, accuracy 0.9300.
[2024-12-21 01:59:10,443 INFO test.py line 240 3332982] Evaluating 83/1449 on image 2007_002597.png, accuracy 0.9551.
[2024-12-21 01:59:10,451 INFO test.py line 240 3332982] Evaluating 84/1449 on image 2007_002618.png, accuracy 0.8776.
[2024-12-21 01:59:10,459 INFO test.py line 240 3332982] Evaluating 85/1449 on image 2007_002619.png, accuracy 0.9026.
[2024-12-21 01:59:10,467 INFO test.py line 240 3332982] Evaluating 86/1449 on image 2007_002624.png, accuracy 0.9634.
[2024-12-21 01:59:10,475 INFO test.py line 240 3332982] Evaluating 87/1449 on image 2007_002643.png, accuracy 0.9824.
[2024-12-21 01:59:10,483 INFO test.py line 240 3332982] Evaluating 88/1449 on image 2007_002648.png, accuracy 0.9700.
[2024-12-21 01:59:10,491 INFO test.py line 240 3332982] Evaluating 89/1449 on image 2007_002719.png, accuracy 0.7533.
[2024-12-21 01:59:10,498 INFO test.py line 240 3332982] Evaluating 90/1449 on image 2007_002728.png, accuracy 0.9525.
[2024-12-21 01:59:10,506 INFO test.py line 240 3332982] Evaluating 91/1449 on image 2007_002823.png, accuracy 0.9665.
[2024-12-21 01:59:10,515 INFO test.py line 240 3332982] Evaluating 92/1449 on image 2007_002824.png, accuracy 0.9918.
[2024-12-21 01:59:10,523 INFO test.py line 240 3332982] Evaluating 93/1449 on image 2007_002852.png, accuracy 0.9808.
[2024-12-21 01:59:10,531 INFO test.py line 240 3332982] Evaluating 94/1449 on image 2007_002903.png, accuracy 0.9895.
[2024-12-21 01:59:10,539 INFO test.py line 240 3332982] Evaluating 95/1449 on image 2007_003011.png, accuracy 0.7173.
[2024-12-21 01:59:10,547 INFO test.py line 240 3332982] Evaluating 96/1449 on image 2007_003020.png, accuracy 0.9573.
[2024-12-21 01:59:10,554 INFO test.py line 240 3332982] Evaluating 97/1449 on image 2007_003022.png, accuracy 0.9940.
[2024-12-21 01:59:10,561 INFO test.py line 240 3332982] Evaluating 98/1449 on image 2007_003051.png, accuracy 0.9850.
[2024-12-21 01:59:10,569 INFO test.py line 240 3332982] Evaluating 99/1449 on image 2007_003088.png, accuracy 0.9313.
[2024-12-21 01:59:10,576 INFO test.py line 240 3332982] Evaluating 100/1449 on image 2007_003101.png, accuracy 0.6700.
[2024-12-21 01:59:10,584 INFO test.py line 240 3332982] Evaluating 101/1449 on image 2007_003106.png, accuracy 0.8787.
[2024-12-21 01:59:10,591 INFO test.py line 240 3332982] Evaluating 102/1449 on image 2007_003110.png, accuracy 0.9915.
[2024-12-21 01:59:10,598 INFO test.py line 240 3332982] Evaluating 103/1449 on image 2007_003131.png, accuracy 0.9960.
[2024-12-21 01:59:10,606 INFO test.py line 240 3332982] Evaluating 104/1449 on image 2007_003134.png, accuracy 0.8752.
[2024-12-21 01:59:10,614 INFO test.py line 240 3332982] Evaluating 105/1449 on image 2007_003137.png, accuracy 0.8876.
[2024-12-21 01:59:10,620 INFO test.py line 240 3332982] Evaluating 106/1449 on image 2007_003143.png, accuracy 0.9895.
[2024-12-21 01:59:10,628 INFO test.py line 240 3332982] Evaluating 107/1449 on image 2007_003169.png, accuracy 0.8995.
[2024-12-21 01:59:10,636 INFO test.py line 240 3332982] Evaluating 108/1449 on image 2007_003188.png, accuracy 0.9283.
[2024-12-21 01:59:10,643 INFO test.py line 240 3332982] Evaluating 109/1449 on image 2007_003194.png, accuracy 0.9918.
[2024-12-21 01:59:10,650 INFO test.py line 240 3332982] Evaluating 110/1449 on image 2007_003195.png, accuracy 0.9000.
[2024-12-21 01:59:10,657 INFO test.py line 240 3332982] Evaluating 111/1449 on image 2007_003201.png, accuracy 0.9752.
[2024-12-21 01:59:10,664 INFO test.py line 240 3332982] Evaluating 112/1449 on image 2007_003349.png, accuracy 0.9963.
[2024-12-21 01:59:10,672 INFO test.py line 240 3332982] Evaluating 113/1449 on image 2007_003367.png, accuracy 0.9734.
[2024-12-21 01:59:10,680 INFO test.py line 240 3332982] Evaluating 114/1449 on image 2007_003373.png, accuracy 0.9740.
[2024-12-21 01:59:10,688 INFO test.py line 240 3332982] Evaluating 115/1449 on image 2007_003499.png, accuracy 0.9567.
[2024-12-21 01:59:10,695 INFO test.py line 240 3332982] Evaluating 116/1449 on image 2007_003503.png, accuracy 0.8263.
[2024-12-21 01:59:10,702 INFO test.py line 240 3332982] Evaluating 117/1449 on image 2007_003506.png, accuracy 0.8166.
[2024-12-21 01:59:10,710 INFO test.py line 240 3332982] Evaluating 118/1449 on image 2007_003530.png, accuracy 0.8956.
[2024-12-21 01:59:10,717 INFO test.py line 240 3332982] Evaluating 119/1449 on image 2007_003571.png, accuracy 0.9827.
[2024-12-21 01:59:10,724 INFO test.py line 240 3332982] Evaluating 120/1449 on image 2007_003587.png, accuracy 0.8968.
[2024-12-21 01:59:10,732 INFO test.py line 240 3332982] Evaluating 121/1449 on image 2007_003611.png, accuracy 0.9986.
[2024-12-21 01:59:10,739 INFO test.py line 240 3332982] Evaluating 122/1449 on image 2007_003621.png, accuracy 0.9544.
[2024-12-21 01:59:10,746 INFO test.py line 240 3332982] Evaluating 123/1449 on image 2007_003682.png, accuracy 0.9989.
[2024-12-21 01:59:10,754 INFO test.py line 240 3332982] Evaluating 124/1449 on image 2007_003711.png, accuracy 0.7439.
[2024-12-21 01:59:10,762 INFO test.py line 240 3332982] Evaluating 125/1449 on image 2007_003714.png, accuracy 0.9680.
[2024-12-21 01:59:10,765 INFO test.py line 240 3332982] Evaluating 126/1449 on image 2007_003742.png, accuracy 0.6133.
[2024-12-21 01:59:10,771 INFO test.py line 240 3332982] Evaluating 127/1449 on image 2007_003786.png, accuracy 0.9570.
[2024-12-21 01:59:10,780 INFO test.py line 240 3332982] Evaluating 128/1449 on image 2007_003841.png, accuracy 0.9434.
[2024-12-21 01:59:10,784 INFO test.py line 240 3332982] Evaluating 129/1449 on image 2007_003848.png, accuracy 0.8082.
[2024-12-21 01:59:10,791 INFO test.py line 240 3332982] Evaluating 130/1449 on image 2007_003861.png, accuracy 0.9744.
[2024-12-21 01:59:10,799 INFO test.py line 240 3332982] Evaluating 131/1449 on image 2007_003872.png, accuracy 0.9985.
[2024-12-21 01:59:10,807 INFO test.py line 240 3332982] Evaluating 132/1449 on image 2007_003917.png, accuracy 0.9933.
[2024-12-21 01:59:10,814 INFO test.py line 240 3332982] Evaluating 133/1449 on image 2007_003957.png, accuracy 0.9777.
[2024-12-21 01:59:10,822 INFO test.py line 240 3332982] Evaluating 134/1449 on image 2007_003991.png, accuracy 0.9979.
[2024-12-21 01:59:10,830 INFO test.py line 240 3332982] Evaluating 135/1449 on image 2007_004033.png, accuracy 0.8711.
[2024-12-21 01:59:10,836 INFO test.py line 240 3332982] Evaluating 136/1449 on image 2007_004052.png, accuracy 0.9957.
[2024-12-21 01:59:10,844 INFO test.py line 240 3332982] Evaluating 137/1449 on image 2007_004112.png, accuracy 0.6502.
[2024-12-21 01:59:10,851 INFO test.py line 240 3332982] Evaluating 138/1449 on image 2007_004121.png, accuracy 0.9363.
[2024-12-21 01:59:10,859 INFO test.py line 240 3332982] Evaluating 139/1449 on image 2007_004143.png, accuracy 0.9927.
[2024-12-21 01:59:10,866 INFO test.py line 240 3332982] Evaluating 140/1449 on image 2007_004189.png, accuracy 0.9425.
[2024-12-21 01:59:10,873 INFO test.py line 240 3332982] Evaluating 141/1449 on image 2007_004190.png, accuracy 0.9576.
[2024-12-21 01:59:10,881 INFO test.py line 240 3332982] Evaluating 142/1449 on image 2007_004193.png, accuracy 0.9669.
[2024-12-21 01:59:10,889 INFO test.py line 240 3332982] Evaluating 143/1449 on image 2007_004241.png, accuracy 0.8962.
[2024-12-21 01:59:10,897 INFO test.py line 240 3332982] Evaluating 144/1449 on image 2007_004275.png, accuracy 0.9620.
[2024-12-21 01:59:10,905 INFO test.py line 240 3332982] Evaluating 145/1449 on image 2007_004281.png, accuracy 0.9825.
[2024-12-21 01:59:10,913 INFO test.py line 240 3332982] Evaluating 146/1449 on image 2007_004380.png, accuracy 0.9305.
[2024-12-21 01:59:10,921 INFO test.py line 240 3332982] Evaluating 147/1449 on image 2007_004392.png, accuracy 0.9594.
[2024-12-21 01:59:10,928 INFO test.py line 240 3332982] Evaluating 148/1449 on image 2007_004405.png, accuracy 0.7930.
[2024-12-21 01:59:10,932 INFO test.py line 240 3332982] Evaluating 149/1449 on image 2007_004468.png, accuracy 0.9472.
[2024-12-21 01:59:10,940 INFO test.py line 240 3332982] Evaluating 150/1449 on image 2007_004483.png, accuracy 0.9614.
[2024-12-21 01:59:10,948 INFO test.py line 240 3332982] Evaluating 151/1449 on image 2007_004510.png, accuracy 0.8588.
[2024-12-21 01:59:10,955 INFO test.py line 240 3332982] Evaluating 152/1449 on image 2007_004538.png, accuracy 0.9546.
[2024-12-21 01:59:10,962 INFO test.py line 240 3332982] Evaluating 153/1449 on image 2007_004558.png, accuracy 0.9338.
[2024-12-21 01:59:10,969 INFO test.py line 240 3332982] Evaluating 154/1449 on image 2007_004644.png, accuracy 0.9675.
[2024-12-21 01:59:10,976 INFO test.py line 240 3332982] Evaluating 155/1449 on image 2007_004649.png, accuracy 0.9321.
[2024-12-21 01:59:10,985 INFO test.py line 240 3332982] Evaluating 156/1449 on image 2007_004712.png, accuracy 0.8520.
[2024-12-21 01:59:10,993 INFO test.py line 240 3332982] Evaluating 157/1449 on image 2007_004722.png, accuracy 0.9376.
[2024-12-21 01:59:11,001 INFO test.py line 240 3332982] Evaluating 158/1449 on image 2007_004856.png, accuracy 0.9911.
[2024-12-21 01:59:11,009 INFO test.py line 240 3332982] Evaluating 159/1449 on image 2007_004866.png, accuracy 0.9971.
[2024-12-21 01:59:11,017 INFO test.py line 240 3332982] Evaluating 160/1449 on image 2007_004902.png, accuracy 0.8944.
[2024-12-21 01:59:11,024 INFO test.py line 240 3332982] Evaluating 161/1449 on image 2007_004969.png, accuracy 0.9995.
[2024-12-21 01:59:11,032 INFO test.py line 240 3332982] Evaluating 162/1449 on image 2007_005058.png, accuracy 0.9983.
[2024-12-21 01:59:11,039 INFO test.py line 240 3332982] Evaluating 163/1449 on image 2007_005074.png, accuracy 0.9104.
[2024-12-21 01:59:11,047 INFO test.py line 240 3332982] Evaluating 164/1449 on image 2007_005107.png, accuracy 0.9715.
[2024-12-21 01:59:11,054 INFO test.py line 240 3332982] Evaluating 165/1449 on image 2007_005114.png, accuracy 0.9331.
[2024-12-21 01:59:11,061 INFO test.py line 240 3332982] Evaluating 166/1449 on image 2007_005149.png, accuracy 0.9298.
[2024-12-21 01:59:11,067 INFO test.py line 240 3332982] Evaluating 167/1449 on image 2007_005173.png, accuracy 0.7921.
[2024-12-21 01:59:11,075 INFO test.py line 240 3332982] Evaluating 168/1449 on image 2007_005281.png, accuracy 0.9893.
[2024-12-21 01:59:11,083 INFO test.py line 240 3332982] Evaluating 169/1449 on image 2007_005294.png, accuracy 0.9647.
[2024-12-21 01:59:11,090 INFO test.py line 240 3332982] Evaluating 170/1449 on image 2007_005296.png, accuracy 0.8275.
[2024-12-21 01:59:11,099 INFO test.py line 240 3332982] Evaluating 171/1449 on image 2007_005304.png, accuracy 0.9209.
[2024-12-21 01:59:11,106 INFO test.py line 240 3332982] Evaluating 172/1449 on image 2007_005331.png, accuracy 0.9880.
[2024-12-21 01:59:11,114 INFO test.py line 240 3332982] Evaluating 173/1449 on image 2007_005354.png, accuracy 0.9808.
[2024-12-21 01:59:11,122 INFO test.py line 240 3332982] Evaluating 174/1449 on image 2007_005358.png, accuracy 0.9934.
[2024-12-21 01:59:11,129 INFO test.py line 240 3332982] Evaluating 175/1449 on image 2007_005428.png, accuracy 0.8360.
[2024-12-21 01:59:11,138 INFO test.py line 240 3332982] Evaluating 176/1449 on image 2007_005460.png, accuracy 0.9863.
[2024-12-21 01:59:11,145 INFO test.py line 240 3332982] Evaluating 177/1449 on image 2007_005469.png, accuracy 0.7834.
[2024-12-21 01:59:11,152 INFO test.py line 240 3332982] Evaluating 178/1449 on image 2007_005509.png, accuracy 0.9477.
[2024-12-21 01:59:11,160 INFO test.py line 240 3332982] Evaluating 179/1449 on image 2007_005547.png, accuracy 0.9563.
[2024-12-21 01:59:11,167 INFO test.py line 240 3332982] Evaluating 180/1449 on image 2007_005600.png, accuracy 0.9886.
[2024-12-21 01:59:11,175 INFO test.py line 240 3332982] Evaluating 181/1449 on image 2007_005608.png, accuracy 0.9687.
[2024-12-21 01:59:11,183 INFO test.py line 240 3332982] Evaluating 182/1449 on image 2007_005626.png, accuracy 0.9780.
[2024-12-21 01:59:11,190 INFO test.py line 240 3332982] Evaluating 183/1449 on image 2007_005689.png, accuracy 0.8327.
[2024-12-21 01:59:11,197 INFO test.py line 240 3332982] Evaluating 184/1449 on image 2007_005696.png, accuracy 0.9611.
[2024-12-21 01:59:11,205 INFO test.py line 240 3332982] Evaluating 185/1449 on image 2007_005705.png, accuracy 0.8872.
[2024-12-21 01:59:11,213 INFO test.py line 240 3332982] Evaluating 186/1449 on image 2007_005759.png, accuracy 0.9917.
[2024-12-21 01:59:11,221 INFO test.py line 240 3332982] Evaluating 187/1449 on image 2007_005803.png, accuracy 0.9068.
[2024-12-21 01:59:11,228 INFO test.py line 240 3332982] Evaluating 188/1449 on image 2007_005813.png, accuracy 0.9768.
[2024-12-21 01:59:11,234 INFO test.py line 240 3332982] Evaluating 189/1449 on image 2007_005828.png, accuracy 0.9843.
[2024-12-21 01:59:11,243 INFO test.py line 240 3332982] Evaluating 190/1449 on image 2007_005844.png, accuracy 0.8542.
[2024-12-21 01:59:11,250 INFO test.py line 240 3332982] Evaluating 191/1449 on image 2007_005845.png, accuracy 0.9781.
[2024-12-21 01:59:11,258 INFO test.py line 240 3332982] Evaluating 192/1449 on image 2007_005857.png, accuracy 0.9440.
[2024-12-21 01:59:11,265 INFO test.py line 240 3332982] Evaluating 193/1449 on image 2007_005911.png, accuracy 0.4456.
[2024-12-21 01:59:11,272 INFO test.py line 240 3332982] Evaluating 194/1449 on image 2007_005915.png, accuracy 0.9956.
[2024-12-21 01:59:11,278 INFO test.py line 240 3332982] Evaluating 195/1449 on image 2007_005978.png, accuracy 0.9832.
[2024-12-21 01:59:11,286 INFO test.py line 240 3332982] Evaluating 196/1449 on image 2007_006028.png, accuracy 0.9427.
[2024-12-21 01:59:11,292 INFO test.py line 240 3332982] Evaluating 197/1449 on image 2007_006035.png, accuracy 0.9723.
[2024-12-21 01:59:11,299 INFO test.py line 240 3332982] Evaluating 198/1449 on image 2007_006046.png, accuracy 0.9970.
[2024-12-21 01:59:11,307 INFO test.py line 240 3332982] Evaluating 199/1449 on image 2007_006076.png, accuracy 0.9241.
[2024-12-21 01:59:11,316 INFO test.py line 240 3332982] Evaluating 200/1449 on image 2007_006086.png, accuracy 0.6455.
[2024-12-21 01:59:11,324 INFO test.py line 240 3332982] Evaluating 201/1449 on image 2007_006117.png, accuracy 0.8683.
[2024-12-21 01:59:11,332 INFO test.py line 240 3332982] Evaluating 202/1449 on image 2007_006171.png, accuracy 0.8453.
[2024-12-21 01:59:11,340 INFO test.py line 240 3332982] Evaluating 203/1449 on image 2007_006241.png, accuracy 0.7604.
[2024-12-21 01:59:11,348 INFO test.py line 240 3332982] Evaluating 204/1449 on image 2007_006260.png, accuracy 0.9768.
[2024-12-21 01:59:11,356 INFO test.py line 240 3332982] Evaluating 205/1449 on image 2007_006277.png, accuracy 0.9188.
[2024-12-21 01:59:11,364 INFO test.py line 240 3332982] Evaluating 206/1449 on image 2007_006348.png, accuracy 0.8881.
[2024-12-21 01:59:11,371 INFO test.py line 240 3332982] Evaluating 207/1449 on image 2007_006364.png, accuracy 0.8951.
[2024-12-21 01:59:11,379 INFO test.py line 240 3332982] Evaluating 208/1449 on image 2007_006373.png, accuracy 0.9285.
[2024-12-21 01:59:11,387 INFO test.py line 240 3332982] Evaluating 209/1449 on image 2007_006444.png, accuracy 0.9865.
[2024-12-21 01:59:11,395 INFO test.py line 240 3332982] Evaluating 210/1449 on image 2007_006449.png, accuracy 0.6867.
[2024-12-21 01:59:11,403 INFO test.py line 240 3332982] Evaluating 211/1449 on image 2007_006549.png, accuracy 0.9955.
[2024-12-21 01:59:11,410 INFO test.py line 240 3332982] Evaluating 212/1449 on image 2007_006553.png, accuracy 0.9175.
[2024-12-21 01:59:11,419 INFO test.py line 240 3332982] Evaluating 213/1449 on image 2007_006560.png, accuracy 0.9220.
[2024-12-21 01:59:11,427 INFO test.py line 240 3332982] Evaluating 214/1449 on image 2007_006647.png, accuracy 0.9235.
[2024-12-21 01:59:11,435 INFO test.py line 240 3332982] Evaluating 215/1449 on image 2007_006678.png, accuracy 0.9925.
[2024-12-21 01:59:11,443 INFO test.py line 240 3332982] Evaluating 216/1449 on image 2007_006680.png, accuracy 0.9105.
[2024-12-21 01:59:11,451 INFO test.py line 240 3332982] Evaluating 217/1449 on image 2007_006698.png, accuracy 0.7400.
[2024-12-21 01:59:11,459 INFO test.py line 240 3332982] Evaluating 218/1449 on image 2007_006761.png, accuracy 0.9933.
[2024-12-21 01:59:11,466 INFO test.py line 240 3332982] Evaluating 219/1449 on image 2007_006802.png, accuracy 0.7997.
[2024-12-21 01:59:11,473 INFO test.py line 240 3332982] Evaluating 220/1449 on image 2007_006837.png, accuracy 0.9870.
[2024-12-21 01:59:11,480 INFO test.py line 240 3332982] Evaluating 221/1449 on image 2007_006841.png, accuracy 0.9692.
[2024-12-21 01:59:11,488 INFO test.py line 240 3332982] Evaluating 222/1449 on image 2007_006864.png, accuracy 0.9235.
[2024-12-21 01:59:11,496 INFO test.py line 240 3332982] Evaluating 223/1449 on image 2007_006866.png, accuracy 0.9651.
[2024-12-21 01:59:11,503 INFO test.py line 240 3332982] Evaluating 224/1449 on image 2007_006946.png, accuracy 0.9964.
[2024-12-21 01:59:11,511 INFO test.py line 240 3332982] Evaluating 225/1449 on image 2007_007007.png, accuracy 0.6377.
[2024-12-21 01:59:11,519 INFO test.py line 240 3332982] Evaluating 226/1449 on image 2007_007084.png, accuracy 0.9974.
[2024-12-21 01:59:11,527 INFO test.py line 240 3332982] Evaluating 227/1449 on image 2007_007109.png, accuracy 0.9203.
[2024-12-21 01:59:11,535 INFO test.py line 240 3332982] Evaluating 228/1449 on image 2007_007130.png, accuracy 0.9888.
[2024-12-21 01:59:11,542 INFO test.py line 240 3332982] Evaluating 229/1449 on image 2007_007165.png, accuracy 0.9088.
[2024-12-21 01:59:11,550 INFO test.py line 240 3332982] Evaluating 230/1449 on image 2007_007168.png, accuracy 0.8199.
[2024-12-21 01:59:11,558 INFO test.py line 240 3332982] Evaluating 231/1449 on image 2007_007195.png, accuracy 0.9473.
[2024-12-21 01:59:11,565 INFO test.py line 240 3332982] Evaluating 232/1449 on image 2007_007196.png, accuracy 0.8436.
[2024-12-21 01:59:11,574 INFO test.py line 240 3332982] Evaluating 233/1449 on image 2007_007203.png, accuracy 0.9444.
[2024-12-21 01:59:11,582 INFO test.py line 240 3332982] Evaluating 234/1449 on image 2007_007211.png, accuracy 0.9886.
[2024-12-21 01:59:11,589 INFO test.py line 240 3332982] Evaluating 235/1449 on image 2007_007235.png, accuracy 0.9477.
[2024-12-21 01:59:11,597 INFO test.py line 240 3332982] Evaluating 236/1449 on image 2007_007341.png, accuracy 0.9254.
[2024-12-21 01:59:11,604 INFO test.py line 240 3332982] Evaluating 237/1449 on image 2007_007414.png, accuracy 0.9887.
[2024-12-21 01:59:11,609 INFO test.py line 240 3332982] Evaluating 238/1449 on image 2007_007417.png, accuracy 0.4200.
[2024-12-21 01:59:11,616 INFO test.py line 240 3332982] Evaluating 239/1449 on image 2007_007470.png, accuracy 0.9980.
[2024-12-21 01:59:11,625 INFO test.py line 240 3332982] Evaluating 240/1449 on image 2007_007477.png, accuracy 0.9828.
[2024-12-21 01:59:11,633 INFO test.py line 240 3332982] Evaluating 241/1449 on image 2007_007493.png, accuracy 0.9125.
[2024-12-21 01:59:11,641 INFO test.py line 240 3332982] Evaluating 242/1449 on image 2007_007498.png, accuracy 0.5065.
[2024-12-21 01:59:11,648 INFO test.py line 240 3332982] Evaluating 243/1449 on image 2007_007524.png, accuracy 0.9916.
[2024-12-21 01:59:11,656 INFO test.py line 240 3332982] Evaluating 244/1449 on image 2007_007534.png, accuracy 0.9926.
[2024-12-21 01:59:11,664 INFO test.py line 240 3332982] Evaluating 245/1449 on image 2007_007624.png, accuracy 0.9137.
[2024-12-21 01:59:11,671 INFO test.py line 240 3332982] Evaluating 246/1449 on image 2007_007651.png, accuracy 0.7210.
[2024-12-21 01:59:11,679 INFO test.py line 240 3332982] Evaluating 247/1449 on image 2007_007688.png, accuracy 0.8129.
[2024-12-21 01:59:11,686 INFO test.py line 240 3332982] Evaluating 248/1449 on image 2007_007748.png, accuracy 0.9854.
[2024-12-21 01:59:11,695 INFO test.py line 240 3332982] Evaluating 249/1449 on image 2007_007795.png, accuracy 0.9495.
[2024-12-21 01:59:11,701 INFO test.py line 240 3332982] Evaluating 250/1449 on image 2007_007810.png, accuracy 0.4551.
[2024-12-21 01:59:11,709 INFO test.py line 240 3332982] Evaluating 251/1449 on image 2007_007815.png, accuracy 0.9484.
[2024-12-21 01:59:11,717 INFO test.py line 240 3332982] Evaluating 252/1449 on image 2007_007818.png, accuracy 0.9816.
[2024-12-21 01:59:11,725 INFO test.py line 240 3332982] Evaluating 253/1449 on image 2007_007836.png, accuracy 0.8532.
[2024-12-21 01:59:11,731 INFO test.py line 240 3332982] Evaluating 254/1449 on image 2007_007849.png, accuracy 0.9621.
[2024-12-21 01:59:11,738 INFO test.py line 240 3332982] Evaluating 255/1449 on image 2007_007881.png, accuracy 0.9196.
[2024-12-21 01:59:11,746 INFO test.py line 240 3332982] Evaluating 256/1449 on image 2007_007996.png, accuracy 0.7820.
[2024-12-21 01:59:11,754 INFO test.py line 240 3332982] Evaluating 257/1449 on image 2007_008051.png, accuracy 0.9932.
[2024-12-21 01:59:11,760 INFO test.py line 240 3332982] Evaluating 258/1449 on image 2007_008084.png, accuracy 0.9441.
[2024-12-21 01:59:11,768 INFO test.py line 240 3332982] Evaluating 259/1449 on image 2007_008106.png, accuracy 0.9413.
[2024-12-21 01:59:11,777 INFO test.py line 240 3332982] Evaluating 260/1449 on image 2007_008110.png, accuracy 0.8684.
[2024-12-21 01:59:11,784 INFO test.py line 240 3332982] Evaluating 261/1449 on image 2007_008204.png, accuracy 0.7808.
[2024-12-21 01:59:11,791 INFO test.py line 240 3332982] Evaluating 262/1449 on image 2007_008222.png, accuracy 0.9978.
[2024-12-21 01:59:11,800 INFO test.py line 240 3332982] Evaluating 263/1449 on image 2007_008256.png, accuracy 0.9817.
[2024-12-21 01:59:11,806 INFO test.py line 240 3332982] Evaluating 264/1449 on image 2007_008260.png, accuracy 0.1832.
[2024-12-21 01:59:11,814 INFO test.py line 240 3332982] Evaluating 265/1449 on image 2007_008339.png, accuracy 0.9772.
[2024-12-21 01:59:11,822 INFO test.py line 240 3332982] Evaluating 266/1449 on image 2007_008374.png, accuracy 0.9295.
[2024-12-21 01:59:11,829 INFO test.py line 240 3332982] Evaluating 267/1449 on image 2007_008415.png, accuracy 0.9685.
[2024-12-21 01:59:11,836 INFO test.py line 240 3332982] Evaluating 268/1449 on image 2007_008430.png, accuracy 0.9804.
[2024-12-21 01:59:11,844 INFO test.py line 240 3332982] Evaluating 269/1449 on image 2007_008543.png, accuracy 0.8493.
[2024-12-21 01:59:11,851 INFO test.py line 240 3332982] Evaluating 270/1449 on image 2007_008547.png, accuracy 0.9361.
[2024-12-21 01:59:11,858 INFO test.py line 240 3332982] Evaluating 271/1449 on image 2007_008596.png, accuracy 0.9847.
[2024-12-21 01:59:11,865 INFO test.py line 240 3332982] Evaluating 272/1449 on image 2007_008645.png, accuracy 0.9952.
[2024-12-21 01:59:11,872 INFO test.py line 240 3332982] Evaluating 273/1449 on image 2007_008670.png, accuracy 0.9338.
[2024-12-21 01:59:11,880 INFO test.py line 240 3332982] Evaluating 274/1449 on image 2007_008708.png, accuracy 0.9723.
[2024-12-21 01:59:11,887 INFO test.py line 240 3332982] Evaluating 275/1449 on image 2007_008722.png, accuracy 0.9785.
[2024-12-21 01:59:11,895 INFO test.py line 240 3332982] Evaluating 276/1449 on image 2007_008747.png, accuracy 0.9471.
[2024-12-21 01:59:11,898 INFO test.py line 240 3332982] Evaluating 277/1449 on image 2007_008802.png, accuracy 0.9844.
[2024-12-21 01:59:11,906 INFO test.py line 240 3332982] Evaluating 278/1449 on image 2007_008815.png, accuracy 0.9933.
[2024-12-21 01:59:11,913 INFO test.py line 240 3332982] Evaluating 279/1449 on image 2007_008897.png, accuracy 0.9308.
[2024-12-21 01:59:11,922 INFO test.py line 240 3332982] Evaluating 280/1449 on image 2007_008944.png, accuracy 0.8440.
[2024-12-21 01:59:11,928 INFO test.py line 240 3332982] Evaluating 281/1449 on image 2007_008964.png, accuracy 0.5269.
[2024-12-21 01:59:11,935 INFO test.py line 240 3332982] Evaluating 282/1449 on image 2007_008973.png, accuracy 0.9991.
[2024-12-21 01:59:11,945 INFO test.py line 240 3332982] Evaluating 283/1449 on image 2007_008980.png, accuracy 0.9957.
[2024-12-21 01:59:11,952 INFO test.py line 240 3332982] Evaluating 284/1449 on image 2007_009015.png, accuracy 0.9746.
[2024-12-21 01:59:11,960 INFO test.py line 240 3332982] Evaluating 285/1449 on image 2007_009068.png, accuracy 0.8618.
[2024-12-21 01:59:11,968 INFO test.py line 240 3332982] Evaluating 286/1449 on image 2007_009084.png, accuracy 0.8750.
[2024-12-21 01:59:11,976 INFO test.py line 240 3332982] Evaluating 287/1449 on image 2007_009088.png, accuracy 0.7189.
[2024-12-21 01:59:11,979 INFO test.py line 240 3332982] Evaluating 288/1449 on image 2007_009096.png, accuracy 0.9369.
[2024-12-21 01:59:11,986 INFO test.py line 240 3332982] Evaluating 289/1449 on image 2007_009221.png, accuracy 0.9994.
[2024-12-21 01:59:11,994 INFO test.py line 240 3332982] Evaluating 290/1449 on image 2007_009245.png, accuracy 0.9666.
[2024-12-21 01:59:12,001 INFO test.py line 240 3332982] Evaluating 291/1449 on image 2007_009251.png, accuracy 0.9765.
[2024-12-21 01:59:12,009 INFO test.py line 240 3332982] Evaluating 292/1449 on image 2007_009252.png, accuracy 0.7265.
[2024-12-21 01:59:12,017 INFO test.py line 240 3332982] Evaluating 293/1449 on image 2007_009258.png, accuracy 0.8703.
[2024-12-21 01:59:12,025 INFO test.py line 240 3332982] Evaluating 294/1449 on image 2007_009320.png, accuracy 0.9302.
[2024-12-21 01:59:12,033 INFO test.py line 240 3332982] Evaluating 295/1449 on image 2007_009323.png, accuracy 0.9937.
[2024-12-21 01:59:12,041 INFO test.py line 240 3332982] Evaluating 296/1449 on image 2007_009331.png, accuracy 0.9786.
[2024-12-21 01:59:12,049 INFO test.py line 240 3332982] Evaluating 297/1449 on image 2007_009346.png, accuracy 0.9968.
[2024-12-21 01:59:12,056 INFO test.py line 240 3332982] Evaluating 298/1449 on image 2007_009392.png, accuracy 0.9901.
[2024-12-21 01:59:12,066 INFO test.py line 240 3332982] Evaluating 299/1449 on image 2007_009413.png, accuracy 0.5815.
[2024-12-21 01:59:12,073 INFO test.py line 240 3332982] Evaluating 300/1449 on image 2007_009419.png, accuracy 0.9712.
[2024-12-21 01:59:12,080 INFO test.py line 240 3332982] Evaluating 301/1449 on image 2007_009446.png, accuracy 0.9059.
[2024-12-21 01:59:12,090 INFO test.py line 240 3332982] Evaluating 302/1449 on image 2007_009458.png, accuracy 0.8973.
[2024-12-21 01:59:12,098 INFO test.py line 240 3332982] Evaluating 303/1449 on image 2007_009521.png, accuracy 0.9155.
[2024-12-21 01:59:12,105 INFO test.py line 240 3332982] Evaluating 304/1449 on image 2007_009562.png, accuracy 0.9801.
[2024-12-21 01:59:12,110 INFO test.py line 240 3332982] Evaluating 305/1449 on image 2007_009592.png, accuracy 0.9140.
[2024-12-21 01:59:12,117 INFO test.py line 240 3332982] Evaluating 306/1449 on image 2007_009654.png, accuracy 0.9386.
[2024-12-21 01:59:12,124 INFO test.py line 240 3332982] Evaluating 307/1449 on image 2007_009655.png, accuracy 0.4552.
[2024-12-21 01:59:12,132 INFO test.py line 240 3332982] Evaluating 308/1449 on image 2007_009684.png, accuracy 0.9259.
[2024-12-21 01:59:12,140 INFO test.py line 240 3332982] Evaluating 309/1449 on image 2007_009687.png, accuracy 0.8950.
[2024-12-21 01:59:12,147 INFO test.py line 240 3332982] Evaluating 310/1449 on image 2007_009691.png, accuracy 0.9818.
[2024-12-21 01:59:12,155 INFO test.py line 240 3332982] Evaluating 311/1449 on image 2007_009706.png, accuracy 0.9396.
[2024-12-21 01:59:12,163 INFO test.py line 240 3332982] Evaluating 312/1449 on image 2007_009750.png, accuracy 0.9571.
[2024-12-21 01:59:12,171 INFO test.py line 240 3332982] Evaluating 313/1449 on image 2007_009756.png, accuracy 0.9921.
[2024-12-21 01:59:12,178 INFO test.py line 240 3332982] Evaluating 314/1449 on image 2007_009764.png, accuracy 0.8248.
[2024-12-21 01:59:12,186 INFO test.py line 240 3332982] Evaluating 315/1449 on image 2007_009794.png, accuracy 0.9900.
[2024-12-21 01:59:12,194 INFO test.py line 240 3332982] Evaluating 316/1449 on image 2007_009817.png, accuracy 0.9834.
[2024-12-21 01:59:12,201 INFO test.py line 240 3332982] Evaluating 317/1449 on image 2007_009841.png, accuracy 0.9870.
[2024-12-21 01:59:12,209 INFO test.py line 240 3332982] Evaluating 318/1449 on image 2007_009897.png, accuracy 0.9793.
[2024-12-21 01:59:12,218 INFO test.py line 240 3332982] Evaluating 319/1449 on image 2007_009911.png, accuracy 0.9956.
[2024-12-21 01:59:12,225 INFO test.py line 240 3332982] Evaluating 320/1449 on image 2007_009923.png, accuracy 0.9974.
[2024-12-21 01:59:12,233 INFO test.py line 240 3332982] Evaluating 321/1449 on image 2007_009938.png, accuracy 0.9887.
[2024-12-21 01:59:12,241 INFO test.py line 240 3332982] Evaluating 322/1449 on image 2008_000009.png, accuracy 0.9978.
[2024-12-21 01:59:12,248 INFO test.py line 240 3332982] Evaluating 323/1449 on image 2008_000016.png, accuracy 0.8622.
[2024-12-21 01:59:12,255 INFO test.py line 240 3332982] Evaluating 324/1449 on image 2008_000073.png, accuracy 0.9867.
[2024-12-21 01:59:12,263 INFO test.py line 240 3332982] Evaluating 325/1449 on image 2008_000075.png, accuracy 0.9806.
[2024-12-21 01:59:12,271 INFO test.py line 240 3332982] Evaluating 326/1449 on image 2008_000080.png, accuracy 0.9985.
[2024-12-21 01:59:12,279 INFO test.py line 240 3332982] Evaluating 327/1449 on image 2008_000107.png, accuracy 0.7690.
[2024-12-21 01:59:12,287 INFO test.py line 240 3332982] Evaluating 328/1449 on image 2008_000120.png, accuracy 0.9568.
[2024-12-21 01:59:12,293 INFO test.py line 240 3332982] Evaluating 329/1449 on image 2008_000123.png, accuracy 0.9924.
[2024-12-21 01:59:12,301 INFO test.py line 240 3332982] Evaluating 330/1449 on image 2008_000149.png, accuracy 0.8462.
[2024-12-21 01:59:12,309 INFO test.py line 240 3332982] Evaluating 331/1449 on image 2008_000182.png, accuracy 0.9977.
[2024-12-21 01:59:12,316 INFO test.py line 240 3332982] Evaluating 332/1449 on image 2008_000213.png, accuracy 0.9468.
[2024-12-21 01:59:12,324 INFO test.py line 240 3332982] Evaluating 333/1449 on image 2008_000215.png, accuracy 0.9896.
[2024-12-21 01:59:12,331 INFO test.py line 240 3332982] Evaluating 334/1449 on image 2008_000223.png, accuracy 0.9242.
[2024-12-21 01:59:12,337 INFO test.py line 240 3332982] Evaluating 335/1449 on image 2008_000233.png, accuracy 0.9956.
[2024-12-21 01:59:12,345 INFO test.py line 240 3332982] Evaluating 336/1449 on image 2008_000234.png, accuracy 0.9147.
[2024-12-21 01:59:12,352 INFO test.py line 240 3332982] Evaluating 337/1449 on image 2008_000239.png, accuracy 0.9890.
[2024-12-21 01:59:12,359 INFO test.py line 240 3332982] Evaluating 338/1449 on image 2008_000254.png, accuracy 0.9877.
[2024-12-21 01:59:12,366 INFO test.py line 240 3332982] Evaluating 339/1449 on image 2008_000270.png, accuracy 0.8352.
[2024-12-21 01:59:12,374 INFO test.py line 240 3332982] Evaluating 340/1449 on image 2008_000271.png, accuracy 0.9174.
[2024-12-21 01:59:12,381 INFO test.py line 240 3332982] Evaluating 341/1449 on image 2008_000345.png, accuracy 0.9891.
[2024-12-21 01:59:12,389 INFO test.py line 240 3332982] Evaluating 342/1449 on image 2008_000359.png, accuracy 0.7156.
[2024-12-21 01:59:12,397 INFO test.py line 240 3332982] Evaluating 343/1449 on image 2008_000391.png, accuracy 0.9623.
[2024-12-21 01:59:12,405 INFO test.py line 240 3332982] Evaluating 344/1449 on image 2008_000401.png, accuracy 0.9703.
[2024-12-21 01:59:12,413 INFO test.py line 240 3332982] Evaluating 345/1449 on image 2008_000464.png, accuracy 0.9968.
[2024-12-21 01:59:12,420 INFO test.py line 240 3332982] Evaluating 346/1449 on image 2008_000469.png, accuracy 0.9913.
[2024-12-21 01:59:12,428 INFO test.py line 240 3332982] Evaluating 347/1449 on image 2008_000474.png, accuracy 0.9725.
[2024-12-21 01:59:12,436 INFO test.py line 240 3332982] Evaluating 348/1449 on image 2008_000501.png, accuracy 0.9941.
[2024-12-21 01:59:12,443 INFO test.py line 240 3332982] Evaluating 349/1449 on image 2008_000510.png, accuracy 0.9891.
[2024-12-21 01:59:12,450 INFO test.py line 240 3332982] Evaluating 350/1449 on image 2008_000533.png, accuracy 0.9946.
[2024-12-21 01:59:12,457 INFO test.py line 240 3332982] Evaluating 351/1449 on image 2008_000573.png, accuracy 0.7982.
[2024-12-21 01:59:12,464 INFO test.py line 240 3332982] Evaluating 352/1449 on image 2008_000589.png, accuracy 0.7997.
[2024-12-21 01:59:12,471 INFO test.py line 240 3332982] Evaluating 353/1449 on image 2008_000602.png, accuracy 0.9695.
[2024-12-21 01:59:12,477 INFO test.py line 240 3332982] Evaluating 354/1449 on image 2008_000630.png, accuracy 0.9903.
[2024-12-21 01:59:12,485 INFO test.py line 240 3332982] Evaluating 355/1449 on image 2008_000657.png, accuracy 0.9654.
[2024-12-21 01:59:12,493 INFO test.py line 240 3332982] Evaluating 356/1449 on image 2008_000661.png, accuracy 0.9097.
[2024-12-21 01:59:12,500 INFO test.py line 240 3332982] Evaluating 357/1449 on image 2008_000662.png, accuracy 0.9538.
[2024-12-21 01:59:12,503 INFO test.py line 240 3332982] Evaluating 358/1449 on image 2008_000666.png, accuracy 0.9952.
[2024-12-21 01:59:12,506 INFO test.py line 240 3332982] Evaluating 359/1449 on image 2008_000673.png, accuracy 0.7977.
[2024-12-21 01:59:12,514 INFO test.py line 240 3332982] Evaluating 360/1449 on image 2008_000700.png, accuracy 0.9973.
[2024-12-21 01:59:12,521 INFO test.py line 240 3332982] Evaluating 361/1449 on image 2008_000725.png, accuracy 0.9785.
[2024-12-21 01:59:12,527 INFO test.py line 240 3332982] Evaluating 362/1449 on image 2008_000731.png, accuracy 0.7515.
[2024-12-21 01:59:12,533 INFO test.py line 240 3332982] Evaluating 363/1449 on image 2008_000763.png, accuracy 0.1725.
[2024-12-21 01:59:12,540 INFO test.py line 240 3332982] Evaluating 364/1449 on image 2008_000765.png, accuracy 0.9528.
[2024-12-21 01:59:12,548 INFO test.py line 240 3332982] Evaluating 365/1449 on image 2008_000782.png, accuracy 0.9433.
[2024-12-21 01:59:12,554 INFO test.py line 240 3332982] Evaluating 366/1449 on image 2008_000795.png, accuracy 0.6552.
[2024-12-21 01:59:12,562 INFO test.py line 240 3332982] Evaluating 367/1449 on image 2008_000811.png, accuracy 0.8835.
[2024-12-21 01:59:12,569 INFO test.py line 240 3332982] Evaluating 368/1449 on image 2008_000848.png, accuracy 0.9981.
[2024-12-21 01:59:12,577 INFO test.py line 240 3332982] Evaluating 369/1449 on image 2008_000853.png, accuracy 0.9968.
[2024-12-21 01:59:12,584 INFO test.py line 240 3332982] Evaluating 370/1449 on image 2008_000863.png, accuracy 0.9961.
[2024-12-21 01:59:12,592 INFO test.py line 240 3332982] Evaluating 371/1449 on image 2008_000911.png, accuracy 0.9896.
[2024-12-21 01:59:12,600 INFO test.py line 240 3332982] Evaluating 372/1449 on image 2008_000919.png, accuracy 0.9908.
[2024-12-21 01:59:12,608 INFO test.py line 240 3332982] Evaluating 373/1449 on image 2008_000943.png, accuracy 0.9975.
[2024-12-21 01:59:12,615 INFO test.py line 240 3332982] Evaluating 374/1449 on image 2008_000992.png, accuracy 0.9528.
[2024-12-21 01:59:12,622 INFO test.py line 240 3332982] Evaluating 375/1449 on image 2008_001013.png, accuracy 0.6067.
[2024-12-21 01:59:12,630 INFO test.py line 240 3332982] Evaluating 376/1449 on image 2008_001028.png, accuracy 0.9958.
[2024-12-21 01:59:12,638 INFO test.py line 240 3332982] Evaluating 377/1449 on image 2008_001040.png, accuracy 0.9919.
[2024-12-21 01:59:12,646 INFO test.py line 240 3332982] Evaluating 378/1449 on image 2008_001070.png, accuracy 0.9937.
[2024-12-21 01:59:12,653 INFO test.py line 240 3332982] Evaluating 379/1449 on image 2008_001074.png, accuracy 0.9835.
[2024-12-21 01:59:12,661 INFO test.py line 240 3332982] Evaluating 380/1449 on image 2008_001076.png, accuracy 0.9759.
[2024-12-21 01:59:12,669 INFO test.py line 240 3332982] Evaluating 381/1449 on image 2008_001078.png, accuracy 0.9559.
[2024-12-21 01:59:12,677 INFO test.py line 240 3332982] Evaluating 382/1449 on image 2008_001135.png, accuracy 0.9731.
[2024-12-21 01:59:12,684 INFO test.py line 240 3332982] Evaluating 383/1449 on image 2008_001150.png, accuracy 0.9977.
[2024-12-21 01:59:12,692 INFO test.py line 240 3332982] Evaluating 384/1449 on image 2008_001170.png, accuracy 0.9933.
[2024-12-21 01:59:12,699 INFO test.py line 240 3332982] Evaluating 385/1449 on image 2008_001231.png, accuracy 0.9930.
[2024-12-21 01:59:12,707 INFO test.py line 240 3332982] Evaluating 386/1449 on image 2008_001249.png, accuracy 0.9925.
[2024-12-21 01:59:12,714 INFO test.py line 240 3332982] Evaluating 387/1449 on image 2008_001260.png, accuracy 0.9925.
[2024-12-21 01:59:12,722 INFO test.py line 240 3332982] Evaluating 388/1449 on image 2008_001283.png, accuracy 0.6968.
[2024-12-21 01:59:12,730 INFO test.py line 240 3332982] Evaluating 389/1449 on image 2008_001308.png, accuracy 0.9083.
[2024-12-21 01:59:12,738 INFO test.py line 240 3332982] Evaluating 390/1449 on image 2008_001379.png, accuracy 0.9952.
[2024-12-21 01:59:12,745 INFO test.py line 240 3332982] Evaluating 391/1449 on image 2008_001404.png, accuracy 0.9821.
[2024-12-21 01:59:12,754 INFO test.py line 240 3332982] Evaluating 392/1449 on image 2008_001433.png, accuracy 0.9979.
[2024-12-21 01:59:12,760 INFO test.py line 240 3332982] Evaluating 393/1449 on image 2008_001439.png, accuracy 0.9499.
[2024-12-21 01:59:12,768 INFO test.py line 240 3332982] Evaluating 394/1449 on image 2008_001478.png, accuracy 0.9873.
[2024-12-21 01:59:12,775 INFO test.py line 240 3332982] Evaluating 395/1449 on image 2008_001491.png, accuracy 0.7853.
[2024-12-21 01:59:12,783 INFO test.py line 240 3332982] Evaluating 396/1449 on image 2008_001504.png, accuracy 0.9853.
[2024-12-21 01:59:12,791 INFO test.py line 240 3332982] Evaluating 397/1449 on image 2008_001513.png, accuracy 0.9544.
[2024-12-21 01:59:12,799 INFO test.py line 240 3332982] Evaluating 398/1449 on image 2008_001514.png, accuracy 0.9956.
[2024-12-21 01:59:12,806 INFO test.py line 240 3332982] Evaluating 399/1449 on image 2008_001531.png, accuracy 0.9798.
[2024-12-21 01:59:12,812 INFO test.py line 240 3332982] Evaluating 400/1449 on image 2008_001546.png, accuracy 0.9903.
[2024-12-21 01:59:12,823 INFO test.py line 240 3332982] Evaluating 401/1449 on image 2008_001547.png, accuracy 0.9881.
[2024-12-21 01:59:12,829 INFO test.py line 240 3332982] Evaluating 402/1449 on image 2008_001580.png, accuracy 0.9818.
[2024-12-21 01:59:12,837 INFO test.py line 240 3332982] Evaluating 403/1449 on image 2008_001629.png, accuracy 0.9752.
[2024-12-21 01:59:12,845 INFO test.py line 240 3332982] Evaluating 404/1449 on image 2008_001640.png, accuracy 0.9981.
[2024-12-21 01:59:12,853 INFO test.py line 240 3332982] Evaluating 405/1449 on image 2008_001682.png, accuracy 0.9952.
[2024-12-21 01:59:12,861 INFO test.py line 240 3332982] Evaluating 406/1449 on image 2008_001688.png, accuracy 0.9065.
[2024-12-21 01:59:12,868 INFO test.py line 240 3332982] Evaluating 407/1449 on image 2008_001715.png, accuracy 0.9660.
[2024-12-21 01:59:12,876 INFO test.py line 240 3332982] Evaluating 408/1449 on image 2008_001821.png, accuracy 0.9532.
[2024-12-21 01:59:12,884 INFO test.py line 240 3332982] Evaluating 409/1449 on image 2008_001874.png, accuracy 0.9874.
[2024-12-21 01:59:12,892 INFO test.py line 240 3332982] Evaluating 410/1449 on image 2008_001885.png, accuracy 0.9976.
[2024-12-21 01:59:12,898 INFO test.py line 240 3332982] Evaluating 411/1449 on image 2008_001895.png, accuracy 0.3577.
[2024-12-21 01:59:12,905 INFO test.py line 240 3332982] Evaluating 412/1449 on image 2008_001966.png, accuracy 0.7818.
[2024-12-21 01:59:12,912 INFO test.py line 240 3332982] Evaluating 413/1449 on image 2008_001971.png, accuracy 0.9987.
[2024-12-21 01:59:12,919 INFO test.py line 240 3332982] Evaluating 414/1449 on image 2008_001992.png, accuracy 0.9213.
[2024-12-21 01:59:12,925 INFO test.py line 240 3332982] Evaluating 415/1449 on image 2008_002043.png, accuracy 0.9891.
[2024-12-21 01:59:12,933 INFO test.py line 240 3332982] Evaluating 416/1449 on image 2008_002152.png, accuracy 0.9931.
[2024-12-21 01:59:12,941 INFO test.py line 240 3332982] Evaluating 417/1449 on image 2008_002205.png, accuracy 0.8490.
[2024-12-21 01:59:12,949 INFO test.py line 240 3332982] Evaluating 418/1449 on image 2008_002212.png, accuracy 0.9795.
[2024-12-21 01:59:12,957 INFO test.py line 240 3332982] Evaluating 419/1449 on image 2008_002239.png, accuracy 0.9963.
[2024-12-21 01:59:12,964 INFO test.py line 240 3332982] Evaluating 420/1449 on image 2008_002240.png, accuracy 0.9076.
[2024-12-21 01:59:12,972 INFO test.py line 240 3332982] Evaluating 421/1449 on image 2008_002241.png, accuracy 0.9616.
[2024-12-21 01:59:12,981 INFO test.py line 240 3332982] Evaluating 422/1449 on image 2008_002269.png, accuracy 0.8993.
[2024-12-21 01:59:12,988 INFO test.py line 240 3332982] Evaluating 423/1449 on image 2008_002273.png, accuracy 0.8783.
[2024-12-21 01:59:12,995 INFO test.py line 240 3332982] Evaluating 424/1449 on image 2008_002358.png, accuracy 0.9933.
[2024-12-21 01:59:13,003 INFO test.py line 240 3332982] Evaluating 425/1449 on image 2008_002379.png, accuracy 0.6630.
[2024-12-21 01:59:13,009 INFO test.py line 240 3332982] Evaluating 426/1449 on image 2008_002383.png, accuracy 0.9909.
[2024-12-21 01:59:13,019 INFO test.py line 240 3332982] Evaluating 427/1449 on image 2008_002429.png, accuracy 0.9926.
[2024-12-21 01:59:13,026 INFO test.py line 240 3332982] Evaluating 428/1449 on image 2008_002464.png, accuracy 0.7927.
[2024-12-21 01:59:13,034 INFO test.py line 240 3332982] Evaluating 429/1449 on image 2008_002467.png, accuracy 0.9361.
[2024-12-21 01:59:13,042 INFO test.py line 240 3332982] Evaluating 430/1449 on image 2008_002492.png, accuracy 0.9995.
[2024-12-21 01:59:13,049 INFO test.py line 240 3332982] Evaluating 431/1449 on image 2008_002495.png, accuracy 0.9887.
[2024-12-21 01:59:13,057 INFO test.py line 240 3332982] Evaluating 432/1449 on image 2008_002504.png, accuracy 0.9236.
[2024-12-21 01:59:13,065 INFO test.py line 240 3332982] Evaluating 433/1449 on image 2008_002521.png, accuracy 0.9976.
[2024-12-21 01:59:13,072 INFO test.py line 240 3332982] Evaluating 434/1449 on image 2008_002536.png, accuracy 0.9963.
[2024-12-21 01:59:13,080 INFO test.py line 240 3332982] Evaluating 435/1449 on image 2008_002588.png, accuracy 0.9528.
[2024-12-21 01:59:13,087 INFO test.py line 240 3332982] Evaluating 436/1449 on image 2008_002623.png, accuracy 0.7167.
[2024-12-21 01:59:13,093 INFO test.py line 240 3332982] Evaluating 437/1449 on image 2008_002680.png, accuracy 0.8885.
[2024-12-21 01:59:13,101 INFO test.py line 240 3332982] Evaluating 438/1449 on image 2008_002681.png, accuracy 0.9991.
[2024-12-21 01:59:13,109 INFO test.py line 240 3332982] Evaluating 439/1449 on image 2008_002775.png, accuracy 0.7073.
[2024-12-21 01:59:13,117 INFO test.py line 240 3332982] Evaluating 440/1449 on image 2008_002778.png, accuracy 0.9915.
[2024-12-21 01:59:13,126 INFO test.py line 240 3332982] Evaluating 441/1449 on image 2008_002835.png, accuracy 0.9695.
[2024-12-21 01:59:13,134 INFO test.py line 240 3332982] Evaluating 442/1449 on image 2008_002859.png, accuracy 0.9779.
[2024-12-21 01:59:13,142 INFO test.py line 240 3332982] Evaluating 443/1449 on image 2008_002864.png, accuracy 0.8049.
[2024-12-21 01:59:13,148 INFO test.py line 240 3332982] Evaluating 444/1449 on image 2008_002900.png, accuracy 0.7392.
[2024-12-21 01:59:13,156 INFO test.py line 240 3332982] Evaluating 445/1449 on image 2008_002904.png, accuracy 0.9744.
[2024-12-21 01:59:13,163 INFO test.py line 240 3332982] Evaluating 446/1449 on image 2008_002929.png, accuracy 0.9005.
[2024-12-21 01:59:13,170 INFO test.py line 240 3332982] Evaluating 447/1449 on image 2008_002936.png, accuracy 0.9970.
[2024-12-21 01:59:13,179 INFO test.py line 240 3332982] Evaluating 448/1449 on image 2008_002942.png, accuracy 0.7399.
[2024-12-21 01:59:13,187 INFO test.py line 240 3332982] Evaluating 449/1449 on image 2008_002958.png, accuracy 0.9193.
[2024-12-21 01:59:13,195 INFO test.py line 240 3332982] Evaluating 450/1449 on image 2008_003003.png, accuracy 0.9685.
[2024-12-21 01:59:13,202 INFO test.py line 240 3332982] Evaluating 451/1449 on image 2008_003026.png, accuracy 0.8465.
[2024-12-21 01:59:13,209 INFO test.py line 240 3332982] Evaluating 452/1449 on image 2008_003034.png, accuracy 0.9629.
[2024-12-21 01:59:13,218 INFO test.py line 240 3332982] Evaluating 453/1449 on image 2008_003076.png, accuracy 0.9534.
[2024-12-21 01:59:13,225 INFO test.py line 240 3332982] Evaluating 454/1449 on image 2008_003105.png, accuracy 0.9380.
[2024-12-21 01:59:13,229 INFO test.py line 240 3332982] Evaluating 455/1449 on image 2008_003108.png, accuracy 0.9554.
[2024-12-21 01:59:13,237 INFO test.py line 240 3332982] Evaluating 456/1449 on image 2008_003110.png, accuracy 0.8952.
[2024-12-21 01:59:13,244 INFO test.py line 240 3332982] Evaluating 457/1449 on image 2008_003135.png, accuracy 0.9785.
[2024-12-21 01:59:13,252 INFO test.py line 240 3332982] Evaluating 458/1449 on image 2008_003141.png, accuracy 0.9088.
[2024-12-21 01:59:13,260 INFO test.py line 240 3332982] Evaluating 459/1449 on image 2008_003155.png, accuracy 0.9938.
[2024-12-21 01:59:13,268 INFO test.py line 240 3332982] Evaluating 460/1449 on image 2008_003210.png, accuracy 0.9223.
[2024-12-21 01:59:13,276 INFO test.py line 240 3332982] Evaluating 461/1449 on image 2008_003238.png, accuracy 0.8329.
[2024-12-21 01:59:13,284 INFO test.py line 240 3332982] Evaluating 462/1449 on image 2008_003270.png, accuracy 0.7886.
[2024-12-21 01:59:13,288 INFO test.py line 240 3332982] Evaluating 463/1449 on image 2008_003330.png, accuracy 0.7947.
[2024-12-21 01:59:13,294 INFO test.py line 240 3332982] Evaluating 464/1449 on image 2008_003333.png, accuracy 0.9818.
[2024-12-21 01:59:13,301 INFO test.py line 240 3332982] Evaluating 465/1449 on image 2008_003369.png, accuracy 0.9797.
[2024-12-21 01:59:13,308 INFO test.py line 240 3332982] Evaluating 466/1449 on image 2008_003379.png, accuracy 0.9846.
[2024-12-21 01:59:13,316 INFO test.py line 240 3332982] Evaluating 467/1449 on image 2008_003451.png, accuracy 0.9607.
[2024-12-21 01:59:13,323 INFO test.py line 240 3332982] Evaluating 468/1449 on image 2008_003461.png, accuracy 0.9625.
[2024-12-21 01:59:13,331 INFO test.py line 240 3332982] Evaluating 469/1449 on image 2008_003477.png, accuracy 0.6994.
[2024-12-21 01:59:13,339 INFO test.py line 240 3332982] Evaluating 470/1449 on image 2008_003492.png, accuracy 0.8130.
[2024-12-21 01:59:13,347 INFO test.py line 240 3332982] Evaluating 471/1449 on image 2008_003499.png, accuracy 0.9363.
[2024-12-21 01:59:13,355 INFO test.py line 240 3332982] Evaluating 472/1449 on image 2008_003511.png, accuracy 0.9619.
[2024-12-21 01:59:13,364 INFO test.py line 240 3332982] Evaluating 473/1449 on image 2008_003546.png, accuracy 0.9867.
[2024-12-21 01:59:13,371 INFO test.py line 240 3332982] Evaluating 474/1449 on image 2008_003576.png, accuracy 0.9510.
[2024-12-21 01:59:13,378 INFO test.py line 240 3332982] Evaluating 475/1449 on image 2008_003577.png, accuracy 0.6123.
[2024-12-21 01:59:13,386 INFO test.py line 240 3332982] Evaluating 476/1449 on image 2008_003676.png, accuracy 0.9563.
[2024-12-21 01:59:13,393 INFO test.py line 240 3332982] Evaluating 477/1449 on image 2008_003709.png, accuracy 0.9237.
[2024-12-21 01:59:13,401 INFO test.py line 240 3332982] Evaluating 478/1449 on image 2008_003733.png, accuracy 0.8495.
[2024-12-21 01:59:13,407 INFO test.py line 240 3332982] Evaluating 479/1449 on image 2008_003777.png, accuracy 0.5967.
[2024-12-21 01:59:13,415 INFO test.py line 240 3332982] Evaluating 480/1449 on image 2008_003782.png, accuracy 0.9978.
[2024-12-21 01:59:13,422 INFO test.py line 240 3332982] Evaluating 481/1449 on image 2008_003821.png, accuracy 0.9799.
[2024-12-21 01:59:13,430 INFO test.py line 240 3332982] Evaluating 482/1449 on image 2008_003846.png, accuracy 0.9922.
[2024-12-21 01:59:13,438 INFO test.py line 240 3332982] Evaluating 483/1449 on image 2008_003856.png, accuracy 0.9990.
[2024-12-21 01:59:13,446 INFO test.py line 240 3332982] Evaluating 484/1449 on image 2008_003858.png, accuracy 0.9911.
[2024-12-21 01:59:13,451 INFO test.py line 240 3332982] Evaluating 485/1449 on image 2008_003874.png, accuracy 0.9538.
[2024-12-21 01:59:13,458 INFO test.py line 240 3332982] Evaluating 486/1449 on image 2008_003876.png, accuracy 0.9992.
[2024-12-21 01:59:13,466 INFO test.py line 240 3332982] Evaluating 487/1449 on image 2008_003885.png, accuracy 0.9321.
[2024-12-21 01:59:13,474 INFO test.py line 240 3332982] Evaluating 488/1449 on image 2008_003886.png, accuracy 0.9832.
[2024-12-21 01:59:13,481 INFO test.py line 240 3332982] Evaluating 489/1449 on image 2008_003926.png, accuracy 0.9882.
[2024-12-21 01:59:13,488 INFO test.py line 240 3332982] Evaluating 490/1449 on image 2008_003976.png, accuracy 0.9969.
[2024-12-21 01:59:13,495 INFO test.py line 240 3332982] Evaluating 491/1449 on image 2008_004069.png, accuracy 0.8997.
[2024-12-21 01:59:13,504 INFO test.py line 240 3332982] Evaluating 492/1449 on image 2008_004101.png, accuracy 0.9824.
[2024-12-21 01:59:13,512 INFO test.py line 240 3332982] Evaluating 493/1449 on image 2008_004140.png, accuracy 0.8614.
[2024-12-21 01:59:13,518 INFO test.py line 240 3332982] Evaluating 494/1449 on image 2008_004172.png, accuracy 0.8025.
[2024-12-21 01:59:13,522 INFO test.py line 240 3332982] Evaluating 495/1449 on image 2008_004175.png, accuracy 0.9990.
[2024-12-21 01:59:13,529 INFO test.py line 240 3332982] Evaluating 496/1449 on image 2008_004212.png, accuracy 0.9859.
[2024-12-21 01:59:13,537 INFO test.py line 240 3332982] Evaluating 497/1449 on image 2008_004279.png, accuracy 0.9483.
[2024-12-21 01:59:13,544 INFO test.py line 240 3332982] Evaluating 498/1449 on image 2008_004339.png, accuracy 0.9757.
[2024-12-21 01:59:13,552 INFO test.py line 240 3332982] Evaluating 499/1449 on image 2008_004345.png, accuracy 0.9438.
[2024-12-21 01:59:13,560 INFO test.py line 240 3332982] Evaluating 500/1449 on image 2008_004363.png, accuracy 0.9457.
[2024-12-21 01:59:13,567 INFO test.py line 240 3332982] Evaluating 501/1449 on image 2008_004367.png, accuracy 0.9863.
[2024-12-21 01:59:13,575 INFO test.py line 240 3332982] Evaluating 502/1449 on image 2008_004396.png, accuracy 0.9748.
[2024-12-21 01:59:13,582 INFO test.py line 240 3332982] Evaluating 503/1449 on image 2008_004399.png, accuracy 0.9938.
[2024-12-21 01:59:13,590 INFO test.py line 240 3332982] Evaluating 504/1449 on image 2008_004453.png, accuracy 0.9423.
[2024-12-21 01:59:13,598 INFO test.py line 240 3332982] Evaluating 505/1449 on image 2008_004477.png, accuracy 0.9546.
[2024-12-21 01:59:13,606 INFO test.py line 240 3332982] Evaluating 506/1449 on image 2008_004552.png, accuracy 0.9918.
[2024-12-21 01:59:13,614 INFO test.py line 240 3332982] Evaluating 507/1449 on image 2008_004562.png, accuracy 0.8238.
[2024-12-21 01:59:13,620 INFO test.py line 240 3332982] Evaluating 508/1449 on image 2008_004575.png, accuracy 0.7499.
[2024-12-21 01:59:13,627 INFO test.py line 240 3332982] Evaluating 509/1449 on image 2008_004610.png, accuracy 0.9671.
[2024-12-21 01:59:13,634 INFO test.py line 240 3332982] Evaluating 510/1449 on image 2008_004612.png, accuracy 0.7194.
[2024-12-21 01:59:13,642 INFO test.py line 240 3332982] Evaluating 511/1449 on image 2008_004621.png, accuracy 0.8283.
[2024-12-21 01:59:13,649 INFO test.py line 240 3332982] Evaluating 512/1449 on image 2008_004624.png, accuracy 0.9936.
[2024-12-21 01:59:13,656 INFO test.py line 240 3332982] Evaluating 513/1449 on image 2008_004654.png, accuracy 0.9904.
[2024-12-21 01:59:13,665 INFO test.py line 240 3332982] Evaluating 514/1449 on image 2008_004659.png, accuracy 0.9786.
[2024-12-21 01:59:13,674 INFO test.py line 240 3332982] Evaluating 515/1449 on image 2008_004687.png, accuracy 0.9733.
[2024-12-21 01:59:13,681 INFO test.py line 240 3332982] Evaluating 516/1449 on image 2008_004701.png, accuracy 0.4254.
[2024-12-21 01:59:13,688 INFO test.py line 240 3332982] Evaluating 517/1449 on image 2008_004704.png, accuracy 0.9507.
[2024-12-21 01:59:13,695 INFO test.py line 240 3332982] Evaluating 518/1449 on image 2008_004705.png, accuracy 0.9289.
[2024-12-21 01:59:13,702 INFO test.py line 240 3332982] Evaluating 519/1449 on image 2008_004754.png, accuracy 0.9464.
[2024-12-21 01:59:13,710 INFO test.py line 240 3332982] Evaluating 520/1449 on image 2008_004758.png, accuracy 0.8871.
[2024-12-21 01:59:13,718 INFO test.py line 240 3332982] Evaluating 521/1449 on image 2008_004854.png, accuracy 0.9673.
[2024-12-21 01:59:13,726 INFO test.py line 240 3332982] Evaluating 522/1449 on image 2008_004910.png, accuracy 0.9889.
[2024-12-21 01:59:13,733 INFO test.py line 240 3332982] Evaluating 523/1449 on image 2008_004995.png, accuracy 0.9655.
[2024-12-21 01:59:13,741 INFO test.py line 240 3332982] Evaluating 524/1449 on image 2008_005049.png, accuracy 0.9743.
[2024-12-21 01:59:13,749 INFO test.py line 240 3332982] Evaluating 525/1449 on image 2008_005089.png, accuracy 0.8941.
[2024-12-21 01:59:13,756 INFO test.py line 240 3332982] Evaluating 526/1449 on image 2008_005097.png, accuracy 0.9282.
[2024-12-21 01:59:13,764 INFO test.py line 240 3332982] Evaluating 527/1449 on image 2008_005105.png, accuracy 0.9942.
[2024-12-21 01:59:13,769 INFO test.py line 240 3332982] Evaluating 528/1449 on image 2008_005145.png, accuracy 0.3003.
[2024-12-21 01:59:13,777 INFO test.py line 240 3332982] Evaluating 529/1449 on image 2008_005197.png, accuracy 0.9327.
[2024-12-21 01:59:13,785 INFO test.py line 240 3332982] Evaluating 530/1449 on image 2008_005217.png, accuracy 0.8531.
[2024-12-21 01:59:13,790 INFO test.py line 240 3332982] Evaluating 531/1449 on image 2008_005242.png, accuracy 0.9648.
[2024-12-21 01:59:13,797 INFO test.py line 240 3332982] Evaluating 532/1449 on image 2008_005245.png, accuracy 0.9600.
[2024-12-21 01:59:13,805 INFO test.py line 240 3332982] Evaluating 533/1449 on image 2008_005254.png, accuracy 0.8720.
[2024-12-21 01:59:13,812 INFO test.py line 240 3332982] Evaluating 534/1449 on image 2008_005262.png, accuracy 0.9784.
[2024-12-21 01:59:13,820 INFO test.py line 240 3332982] Evaluating 535/1449 on image 2008_005338.png, accuracy 0.9677.
[2024-12-21 01:59:13,828 INFO test.py line 240 3332982] Evaluating 536/1449 on image 2008_005398.png, accuracy 0.9984.
[2024-12-21 01:59:13,833 INFO test.py line 240 3332982] Evaluating 537/1449 on image 2008_005399.png, accuracy 0.9209.
[2024-12-21 01:59:13,841 INFO test.py line 240 3332982] Evaluating 538/1449 on image 2008_005422.png, accuracy 0.9555.
[2024-12-21 01:59:13,849 INFO test.py line 240 3332982] Evaluating 539/1449 on image 2008_005439.png, accuracy 0.9733.
[2024-12-21 01:59:13,857 INFO test.py line 240 3332982] Evaluating 540/1449 on image 2008_005445.png, accuracy 0.9600.
[2024-12-21 01:59:13,865 INFO test.py line 240 3332982] Evaluating 541/1449 on image 2008_005525.png, accuracy 0.9871.
[2024-12-21 01:59:13,873 INFO test.py line 240 3332982] Evaluating 542/1449 on image 2008_005544.png, accuracy 0.8141.
[2024-12-21 01:59:13,880 INFO test.py line 240 3332982] Evaluating 543/1449 on image 2008_005628.png, accuracy 0.9776.
[2024-12-21 01:59:13,887 INFO test.py line 240 3332982] Evaluating 544/1449 on image 2008_005633.png, accuracy 0.9961.
[2024-12-21 01:59:13,895 INFO test.py line 240 3332982] Evaluating 545/1449 on image 2008_005637.png, accuracy 0.9933.
[2024-12-21 01:59:13,903 INFO test.py line 240 3332982] Evaluating 546/1449 on image 2008_005642.png, accuracy 0.9988.
[2024-12-21 01:59:13,911 INFO test.py line 240 3332982] Evaluating 547/1449 on image 2008_005676.png, accuracy 0.9884.
[2024-12-21 01:59:13,917 INFO test.py line 240 3332982] Evaluating 548/1449 on image 2008_005680.png, accuracy 0.8623.
[2024-12-21 01:59:13,925 INFO test.py line 240 3332982] Evaluating 549/1449 on image 2008_005691.png, accuracy 0.9970.
[2024-12-21 01:59:13,933 INFO test.py line 240 3332982] Evaluating 550/1449 on image 2008_005727.png, accuracy 0.9159.
[2024-12-21 01:59:13,940 INFO test.py line 240 3332982] Evaluating 551/1449 on image 2008_005738.png, accuracy 0.9842.
[2024-12-21 01:59:13,949 INFO test.py line 240 3332982] Evaluating 552/1449 on image 2008_005812.png, accuracy 0.9796.
[2024-12-21 01:59:13,956 INFO test.py line 240 3332982] Evaluating 553/1449 on image 2008_005904.png, accuracy 0.9748.
[2024-12-21 01:59:13,963 INFO test.py line 240 3332982] Evaluating 554/1449 on image 2008_005915.png, accuracy 0.6450.
[2024-12-21 01:59:13,971 INFO test.py line 240 3332982] Evaluating 555/1449 on image 2008_006008.png, accuracy 0.9497.
[2024-12-21 01:59:13,979 INFO test.py line 240 3332982] Evaluating 556/1449 on image 2008_006036.png, accuracy 0.9782.
[2024-12-21 01:59:13,986 INFO test.py line 240 3332982] Evaluating 557/1449 on image 2008_006055.png, accuracy 0.9929.
[2024-12-21 01:59:13,994 INFO test.py line 240 3332982] Evaluating 558/1449 on image 2008_006063.png, accuracy 0.9868.
[2024-12-21 01:59:14,001 INFO test.py line 240 3332982] Evaluating 559/1449 on image 2008_006108.png, accuracy 0.8487.
[2024-12-21 01:59:14,009 INFO test.py line 240 3332982] Evaluating 560/1449 on image 2008_006130.png, accuracy 0.9028.
[2024-12-21 01:59:14,016 INFO test.py line 240 3332982] Evaluating 561/1449 on image 2008_006143.png, accuracy 0.9996.
[2024-12-21 01:59:14,024 INFO test.py line 240 3332982] Evaluating 562/1449 on image 2008_006159.png, accuracy 0.9584.
[2024-12-21 01:59:14,032 INFO test.py line 240 3332982] Evaluating 563/1449 on image 2008_006216.png, accuracy 0.9460.
[2024-12-21 01:59:14,040 INFO test.py line 240 3332982] Evaluating 564/1449 on image 2008_006219.png, accuracy 0.9941.
[2024-12-21 01:59:14,047 INFO test.py line 240 3332982] Evaluating 565/1449 on image 2008_006229.png, accuracy 0.9841.
[2024-12-21 01:59:14,056 INFO test.py line 240 3332982] Evaluating 566/1449 on image 2008_006254.png, accuracy 0.9496.
[2024-12-21 01:59:14,064 INFO test.py line 240 3332982] Evaluating 567/1449 on image 2008_006275.png, accuracy 0.9698.
[2024-12-21 01:59:14,074 INFO test.py line 240 3332982] Evaluating 568/1449 on image 2008_006325.png, accuracy 0.9920.
[2024-12-21 01:59:14,079 INFO test.py line 240 3332982] Evaluating 569/1449 on image 2008_006327.png, accuracy 0.7207.
[2024-12-21 01:59:14,087 INFO test.py line 240 3332982] Evaluating 570/1449 on image 2008_006341.png, accuracy 0.8734.
[2024-12-21 01:59:14,095 INFO test.py line 240 3332982] Evaluating 571/1449 on image 2008_006408.png, accuracy 0.6986.
[2024-12-21 01:59:14,101 INFO test.py line 240 3332982] Evaluating 572/1449 on image 2008_006480.png, accuracy 0.9959.
[2024-12-21 01:59:14,109 INFO test.py line 240 3332982] Evaluating 573/1449 on image 2008_006523.png, accuracy 0.7672.
[2024-12-21 01:59:14,116 INFO test.py line 240 3332982] Evaluating 574/1449 on image 2008_006526.png, accuracy 0.9684.
[2024-12-21 01:59:14,124 INFO test.py line 240 3332982] Evaluating 575/1449 on image 2008_006528.png, accuracy 0.9979.
[2024-12-21 01:59:14,132 INFO test.py line 240 3332982] Evaluating 576/1449 on image 2008_006553.png, accuracy 0.9869.
[2024-12-21 01:59:14,140 INFO test.py line 240 3332982] Evaluating 577/1449 on image 2008_006554.png, accuracy 0.9667.
[2024-12-21 01:59:14,147 INFO test.py line 240 3332982] Evaluating 578/1449 on image 2008_006703.png, accuracy 0.9975.
[2024-12-21 01:59:14,154 INFO test.py line 240 3332982] Evaluating 579/1449 on image 2008_006722.png, accuracy 0.9002.
[2024-12-21 01:59:14,161 INFO test.py line 240 3332982] Evaluating 580/1449 on image 2008_006752.png, accuracy 0.9917.
[2024-12-21 01:59:14,168 INFO test.py line 240 3332982] Evaluating 581/1449 on image 2008_006784.png, accuracy 0.9461.
[2024-12-21 01:59:14,176 INFO test.py line 240 3332982] Evaluating 582/1449 on image 2008_006835.png, accuracy 0.9929.
[2024-12-21 01:59:14,185 INFO test.py line 240 3332982] Evaluating 583/1449 on image 2008_006874.png, accuracy 0.9362.
[2024-12-21 01:59:14,193 INFO test.py line 240 3332982] Evaluating 584/1449 on image 2008_006981.png, accuracy 0.8572.
[2024-12-21 01:59:14,201 INFO test.py line 240 3332982] Evaluating 585/1449 on image 2008_006986.png, accuracy 0.9845.
[2024-12-21 01:59:14,208 INFO test.py line 240 3332982] Evaluating 586/1449 on image 2008_007025.png, accuracy 0.9550.
[2024-12-21 01:59:14,216 INFO test.py line 240 3332982] Evaluating 587/1449 on image 2008_007031.png, accuracy 0.9962.
[2024-12-21 01:59:14,224 INFO test.py line 240 3332982] Evaluating 588/1449 on image 2008_007048.png, accuracy 0.9633.
[2024-12-21 01:59:14,231 INFO test.py line 240 3332982] Evaluating 589/1449 on image 2008_007120.png, accuracy 0.9759.
[2024-12-21 01:59:14,238 INFO test.py line 240 3332982] Evaluating 590/1449 on image 2008_007123.png, accuracy 0.9208.
[2024-12-21 01:59:14,246 INFO test.py line 240 3332982] Evaluating 591/1449 on image 2008_007143.png, accuracy 0.9898.
[2024-12-21 01:59:14,254 INFO test.py line 240 3332982] Evaluating 592/1449 on image 2008_007194.png, accuracy 0.9155.
[2024-12-21 01:59:14,262 INFO test.py line 240 3332982] Evaluating 593/1449 on image 2008_007219.png, accuracy 0.9220.
[2024-12-21 01:59:14,270 INFO test.py line 240 3332982] Evaluating 594/1449 on image 2008_007273.png, accuracy 0.9971.
[2024-12-21 01:59:14,276 INFO test.py line 240 3332982] Evaluating 595/1449 on image 2008_007350.png, accuracy 0.9990.
[2024-12-21 01:59:14,284 INFO test.py line 240 3332982] Evaluating 596/1449 on image 2008_007378.png, accuracy 0.8109.
[2024-12-21 01:59:14,292 INFO test.py line 240 3332982] Evaluating 597/1449 on image 2008_007392.png, accuracy 0.9855.
[2024-12-21 01:59:14,299 INFO test.py line 240 3332982] Evaluating 598/1449 on image 2008_007402.png, accuracy 0.8770.
[2024-12-21 01:59:14,307 INFO test.py line 240 3332982] Evaluating 599/1449 on image 2008_007497.png, accuracy 0.9992.
[2024-12-21 01:59:14,315 INFO test.py line 240 3332982] Evaluating 600/1449 on image 2008_007498.png, accuracy 0.9873.
[2024-12-21 01:59:14,320 INFO test.py line 240 3332982] Evaluating 601/1449 on image 2008_007507.png, accuracy 0.9933.
[2024-12-21 01:59:14,328 INFO test.py line 240 3332982] Evaluating 602/1449 on image 2008_007513.png, accuracy 0.9947.
[2024-12-21 01:59:14,336 INFO test.py line 240 3332982] Evaluating 603/1449 on image 2008_007527.png, accuracy 0.9579.
[2024-12-21 01:59:14,343 INFO test.py line 240 3332982] Evaluating 604/1449 on image 2008_007548.png, accuracy 0.9917.
[2024-12-21 01:59:14,350 INFO test.py line 240 3332982] Evaluating 605/1449 on image 2008_007596.png, accuracy 0.9995.
[2024-12-21 01:59:14,358 INFO test.py line 240 3332982] Evaluating 606/1449 on image 2008_007677.png, accuracy 0.9959.
[2024-12-21 01:59:14,365 INFO test.py line 240 3332982] Evaluating 607/1449 on image 2008_007737.png, accuracy 0.8790.
[2024-12-21 01:59:14,373 INFO test.py line 240 3332982] Evaluating 608/1449 on image 2008_007797.png, accuracy 0.5726.
[2024-12-21 01:59:14,380 INFO test.py line 240 3332982] Evaluating 609/1449 on image 2008_007804.png, accuracy 0.9785.
[2024-12-21 01:59:14,388 INFO test.py line 240 3332982] Evaluating 610/1449 on image 2008_007811.png, accuracy 0.9542.
[2024-12-21 01:59:14,396 INFO test.py line 240 3332982] Evaluating 611/1449 on image 2008_007814.png, accuracy 0.9963.
[2024-12-21 01:59:14,404 INFO test.py line 240 3332982] Evaluating 612/1449 on image 2008_007828.png, accuracy 0.9408.
[2024-12-21 01:59:14,412 INFO test.py line 240 3332982] Evaluating 613/1449 on image 2008_007836.png, accuracy 0.9960.
[2024-12-21 01:59:14,420 INFO test.py line 240 3332982] Evaluating 614/1449 on image 2008_007945.png, accuracy 0.9525.
[2024-12-21 01:59:14,426 INFO test.py line 240 3332982] Evaluating 615/1449 on image 2008_007994.png, accuracy 0.8071.
[2024-12-21 01:59:14,433 INFO test.py line 240 3332982] Evaluating 616/1449 on image 2008_008051.png, accuracy 0.1999.
[2024-12-21 01:59:14,440 INFO test.py line 240 3332982] Evaluating 617/1449 on image 2008_008103.png, accuracy 0.8695.
[2024-12-21 01:59:14,448 INFO test.py line 240 3332982] Evaluating 618/1449 on image 2008_008127.png, accuracy 0.9932.
[2024-12-21 01:59:14,455 INFO test.py line 240 3332982] Evaluating 619/1449 on image 2008_008221.png, accuracy 0.9544.
[2024-12-21 01:59:14,463 INFO test.py line 240 3332982] Evaluating 620/1449 on image 2008_008252.png, accuracy 0.8807.
[2024-12-21 01:59:14,470 INFO test.py line 240 3332982] Evaluating 621/1449 on image 2008_008268.png, accuracy 0.9928.
[2024-12-21 01:59:14,478 INFO test.py line 240 3332982] Evaluating 622/1449 on image 2008_008296.png, accuracy 0.9972.
[2024-12-21 01:59:14,485 INFO test.py line 240 3332982] Evaluating 623/1449 on image 2008_008301.png, accuracy 0.6594.
[2024-12-21 01:59:14,493 INFO test.py line 240 3332982] Evaluating 624/1449 on image 2008_008335.png, accuracy 0.8266.
[2024-12-21 01:59:14,501 INFO test.py line 240 3332982] Evaluating 625/1449 on image 2008_008362.png, accuracy 0.7702.
[2024-12-21 01:59:14,509 INFO test.py line 240 3332982] Evaluating 626/1449 on image 2008_008392.png, accuracy 0.9950.
[2024-12-21 01:59:14,517 INFO test.py line 240 3332982] Evaluating 627/1449 on image 2008_008393.png, accuracy 0.9656.
[2024-12-21 01:59:14,524 INFO test.py line 240 3332982] Evaluating 628/1449 on image 2008_008421.png, accuracy 0.9708.
[2024-12-21 01:59:14,531 INFO test.py line 240 3332982] Evaluating 629/1449 on image 2008_008434.png, accuracy 0.4525.
[2024-12-21 01:59:14,538 INFO test.py line 240 3332982] Evaluating 630/1449 on image 2008_008469.png, accuracy 0.7623.
[2024-12-21 01:59:14,547 INFO test.py line 240 3332982] Evaluating 631/1449 on image 2008_008629.png, accuracy 0.9247.
[2024-12-21 01:59:14,556 INFO test.py line 240 3332982] Evaluating 632/1449 on image 2008_008682.png, accuracy 0.9707.
[2024-12-21 01:59:14,565 INFO test.py line 240 3332982] Evaluating 633/1449 on image 2008_008711.png, accuracy 0.8294.
[2024-12-21 01:59:14,572 INFO test.py line 240 3332982] Evaluating 634/1449 on image 2008_008746.png, accuracy 0.9815.
[2024-12-21 01:59:14,577 INFO test.py line 240 3332982] Evaluating 635/1449 on image 2009_000012.png, accuracy 0.8470.
[2024-12-21 01:59:14,584 INFO test.py line 240 3332982] Evaluating 636/1449 on image 2009_000013.png, accuracy 0.9077.
[2024-12-21 01:59:14,592 INFO test.py line 240 3332982] Evaluating 637/1449 on image 2009_000022.png, accuracy 0.9876.
[2024-12-21 01:59:14,599 INFO test.py line 240 3332982] Evaluating 638/1449 on image 2009_000032.png, accuracy 0.9404.
[2024-12-21 01:59:14,607 INFO test.py line 240 3332982] Evaluating 639/1449 on image 2009_000037.png, accuracy 0.9933.
[2024-12-21 01:59:14,614 INFO test.py line 240 3332982] Evaluating 640/1449 on image 2009_000039.png, accuracy 0.9971.
[2024-12-21 01:59:14,621 INFO test.py line 240 3332982] Evaluating 641/1449 on image 2009_000074.png, accuracy 0.9763.
[2024-12-21 01:59:14,629 INFO test.py line 240 3332982] Evaluating 642/1449 on image 2009_000080.png, accuracy 0.9981.
[2024-12-21 01:59:14,638 INFO test.py line 240 3332982] Evaluating 643/1449 on image 2009_000087.png, accuracy 0.9675.
[2024-12-21 01:59:14,646 INFO test.py line 240 3332982] Evaluating 644/1449 on image 2009_000096.png, accuracy 0.9274.
[2024-12-21 01:59:14,653 INFO test.py line 240 3332982] Evaluating 645/1449 on image 2009_000121.png, accuracy 0.7710.
[2024-12-21 01:59:14,660 INFO test.py line 240 3332982] Evaluating 646/1449 on image 2009_000136.png, accuracy 0.9759.
[2024-12-21 01:59:14,668 INFO test.py line 240 3332982] Evaluating 647/1449 on image 2009_000149.png, accuracy 0.8459.
[2024-12-21 01:59:14,675 INFO test.py line 240 3332982] Evaluating 648/1449 on image 2009_000156.png, accuracy 0.9984.
[2024-12-21 01:59:14,682 INFO test.py line 240 3332982] Evaluating 649/1449 on image 2009_000201.png, accuracy 0.9863.
[2024-12-21 01:59:14,689 INFO test.py line 240 3332982] Evaluating 650/1449 on image 2009_000205.png, accuracy 0.9556.
[2024-12-21 01:59:14,698 INFO test.py line 240 3332982] Evaluating 651/1449 on image 2009_000219.png, accuracy 0.7488.
[2024-12-21 01:59:14,705 INFO test.py line 240 3332982] Evaluating 652/1449 on image 2009_000242.png, accuracy 0.8653.
[2024-12-21 01:59:14,713 INFO test.py line 240 3332982] Evaluating 653/1449 on image 2009_000309.png, accuracy 0.7091.
[2024-12-21 01:59:14,721 INFO test.py line 240 3332982] Evaluating 654/1449 on image 2009_000318.png, accuracy 0.9937.
[2024-12-21 01:59:14,728 INFO test.py line 240 3332982] Evaluating 655/1449 on image 2009_000335.png, accuracy 0.8453.
[2024-12-21 01:59:14,736 INFO test.py line 240 3332982] Evaluating 656/1449 on image 2009_000351.png, accuracy 0.9859.
[2024-12-21 01:59:14,744 INFO test.py line 240 3332982] Evaluating 657/1449 on image 2009_000354.png, accuracy 0.7261.
[2024-12-21 01:59:14,751 INFO test.py line 240 3332982] Evaluating 658/1449 on image 2009_000387.png, accuracy 0.9956.
[2024-12-21 01:59:14,758 INFO test.py line 240 3332982] Evaluating 659/1449 on image 2009_000391.png, accuracy 0.9162.
[2024-12-21 01:59:14,766 INFO test.py line 240 3332982] Evaluating 660/1449 on image 2009_000412.png, accuracy 0.9779.
[2024-12-21 01:59:14,775 INFO test.py line 240 3332982] Evaluating 661/1449 on image 2009_000418.png, accuracy 0.8400.
[2024-12-21 01:59:14,782 INFO test.py line 240 3332982] Evaluating 662/1449 on image 2009_000421.png, accuracy 0.9689.
[2024-12-21 01:59:14,789 INFO test.py line 240 3332982] Evaluating 663/1449 on image 2009_000426.png, accuracy 0.9662.
[2024-12-21 01:59:14,797 INFO test.py line 240 3332982] Evaluating 664/1449 on image 2009_000440.png, accuracy 0.9995.
[2024-12-21 01:59:14,805 INFO test.py line 240 3332982] Evaluating 665/1449 on image 2009_000446.png, accuracy 0.9508.
[2024-12-21 01:59:14,813 INFO test.py line 240 3332982] Evaluating 666/1449 on image 2009_000455.png, accuracy 0.9547.
[2024-12-21 01:59:14,820 INFO test.py line 240 3332982] Evaluating 667/1449 on image 2009_000457.png, accuracy 0.9233.
[2024-12-21 01:59:14,827 INFO test.py line 240 3332982] Evaluating 668/1449 on image 2009_000469.png, accuracy 0.9563.
[2024-12-21 01:59:14,830 INFO test.py line 240 3332982] Evaluating 669/1449 on image 2009_000487.png, accuracy 0.9117.
[2024-12-21 01:59:14,838 INFO test.py line 240 3332982] Evaluating 670/1449 on image 2009_000488.png, accuracy 0.9317.
[2024-12-21 01:59:14,845 INFO test.py line 240 3332982] Evaluating 671/1449 on image 2009_000523.png, accuracy 0.8223.
[2024-12-21 01:59:14,854 INFO test.py line 240 3332982] Evaluating 672/1449 on image 2009_000573.png, accuracy 0.9326.
[2024-12-21 01:59:14,862 INFO test.py line 240 3332982] Evaluating 673/1449 on image 2009_000619.png, accuracy 0.9931.
[2024-12-21 01:59:14,870 INFO test.py line 240 3332982] Evaluating 674/1449 on image 2009_000628.png, accuracy 0.9984.
[2024-12-21 01:59:14,878 INFO test.py line 240 3332982] Evaluating 675/1449 on image 2009_000641.png, accuracy 0.9735.
[2024-12-21 01:59:14,887 INFO test.py line 240 3332982] Evaluating 676/1449 on image 2009_000664.png, accuracy 0.9814.
[2024-12-21 01:59:14,895 INFO test.py line 240 3332982] Evaluating 677/1449 on image 2009_000675.png, accuracy 0.9968.
[2024-12-21 01:59:14,902 INFO test.py line 240 3332982] Evaluating 678/1449 on image 2009_000704.png, accuracy 0.9671.
[2024-12-21 01:59:14,909 INFO test.py line 240 3332982] Evaluating 679/1449 on image 2009_000705.png, accuracy 0.9988.
[2024-12-21 01:59:14,917 INFO test.py line 240 3332982] Evaluating 680/1449 on image 2009_000712.png, accuracy 0.9850.
[2024-12-21 01:59:14,925 INFO test.py line 240 3332982] Evaluating 681/1449 on image 2009_000716.png, accuracy 0.9908.
[2024-12-21 01:59:14,933 INFO test.py line 240 3332982] Evaluating 682/1449 on image 2009_000723.png, accuracy 0.9154.
[2024-12-21 01:59:14,940 INFO test.py line 240 3332982] Evaluating 683/1449 on image 2009_000727.png, accuracy 0.9875.
[2024-12-21 01:59:14,947 INFO test.py line 240 3332982] Evaluating 684/1449 on image 2009_000730.png, accuracy 0.9502.
[2024-12-21 01:59:14,954 INFO test.py line 240 3332982] Evaluating 685/1449 on image 2009_000731.png, accuracy 0.8439.
[2024-12-21 01:59:14,960 INFO test.py line 240 3332982] Evaluating 686/1449 on image 2009_000732.png, accuracy 0.5731.
[2024-12-21 01:59:14,967 INFO test.py line 240 3332982] Evaluating 687/1449 on image 2009_000771.png, accuracy 0.9899.
[2024-12-21 01:59:14,975 INFO test.py line 240 3332982] Evaluating 688/1449 on image 2009_000825.png, accuracy 0.9425.
[2024-12-21 01:59:14,982 INFO test.py line 240 3332982] Evaluating 689/1449 on image 2009_000828.png, accuracy 0.9866.
[2024-12-21 01:59:14,989 INFO test.py line 240 3332982] Evaluating 690/1449 on image 2009_000839.png, accuracy 0.8167.
[2024-12-21 01:59:14,996 INFO test.py line 240 3332982] Evaluating 691/1449 on image 2009_000840.png, accuracy 0.9903.
[2024-12-21 01:59:15,002 INFO test.py line 240 3332982] Evaluating 692/1449 on image 2009_000845.png, accuracy 0.9953.
[2024-12-21 01:59:15,010 INFO test.py line 240 3332982] Evaluating 693/1449 on image 2009_000879.png, accuracy 0.9963.
[2024-12-21 01:59:15,017 INFO test.py line 240 3332982] Evaluating 694/1449 on image 2009_000892.png, accuracy 0.9994.
[2024-12-21 01:59:15,022 INFO test.py line 240 3332982] Evaluating 695/1449 on image 2009_000919.png, accuracy 0.9984.
[2024-12-21 01:59:15,030 INFO test.py line 240 3332982] Evaluating 696/1449 on image 2009_000924.png, accuracy 0.9985.
[2024-12-21 01:59:15,038 INFO test.py line 240 3332982] Evaluating 697/1449 on image 2009_000931.png, accuracy 0.9977.
[2024-12-21 01:59:15,046 INFO test.py line 240 3332982] Evaluating 698/1449 on image 2009_000935.png, accuracy 0.9991.
[2024-12-21 01:59:15,054 INFO test.py line 240 3332982] Evaluating 699/1449 on image 2009_000964.png, accuracy 0.9391.
[2024-12-21 01:59:15,062 INFO test.py line 240 3332982] Evaluating 700/1449 on image 2009_000989.png, accuracy 0.9998.
[2024-12-21 01:59:15,070 INFO test.py line 240 3332982] Evaluating 701/1449 on image 2009_000991.png, accuracy 0.9629.
[2024-12-21 01:59:15,077 INFO test.py line 240 3332982] Evaluating 702/1449 on image 2009_000998.png, accuracy 0.9927.
[2024-12-21 01:59:15,085 INFO test.py line 240 3332982] Evaluating 703/1449 on image 2009_001008.png, accuracy 0.9720.
[2024-12-21 01:59:15,092 INFO test.py line 240 3332982] Evaluating 704/1449 on image 2009_001082.png, accuracy 0.5858.
[2024-12-21 01:59:15,102 INFO test.py line 240 3332982] Evaluating 705/1449 on image 2009_001108.png, accuracy 0.9980.
[2024-12-21 01:59:15,110 INFO test.py line 240 3332982] Evaluating 706/1449 on image 2009_001160.png, accuracy 0.9951.
[2024-12-21 01:59:15,117 INFO test.py line 240 3332982] Evaluating 707/1449 on image 2009_001215.png, accuracy 0.2764.
[2024-12-21 01:59:15,125 INFO test.py line 240 3332982] Evaluating 708/1449 on image 2009_001240.png, accuracy 0.9959.
[2024-12-21 01:59:15,132 INFO test.py line 240 3332982] Evaluating 709/1449 on image 2009_001255.png, accuracy 0.6874.
[2024-12-21 01:59:15,139 INFO test.py line 240 3332982] Evaluating 710/1449 on image 2009_001278.png, accuracy 0.9975.
[2024-12-21 01:59:15,146 INFO test.py line 240 3332982] Evaluating 711/1449 on image 2009_001299.png, accuracy 0.7581.
[2024-12-21 01:59:15,154 INFO test.py line 240 3332982] Evaluating 712/1449 on image 2009_001300.png, accuracy 0.9946.
[2024-12-21 01:59:15,163 INFO test.py line 240 3332982] Evaluating 713/1449 on image 2009_001314.png, accuracy 0.9999.
[2024-12-21 01:59:15,170 INFO test.py line 240 3332982] Evaluating 714/1449 on image 2009_001332.png, accuracy 0.9950.
[2024-12-21 01:59:15,177 INFO test.py line 240 3332982] Evaluating 715/1449 on image 2009_001333.png, accuracy 0.8958.
[2024-12-21 01:59:15,185 INFO test.py line 240 3332982] Evaluating 716/1449 on image 2009_001363.png, accuracy 0.9504.
[2024-12-21 01:59:15,192 INFO test.py line 240 3332982] Evaluating 717/1449 on image 2009_001391.png, accuracy 0.9922.
[2024-12-21 01:59:15,200 INFO test.py line 240 3332982] Evaluating 718/1449 on image 2009_001411.png, accuracy 0.9959.
[2024-12-21 01:59:15,208 INFO test.py line 240 3332982] Evaluating 719/1449 on image 2009_001433.png, accuracy 0.9812.
[2024-12-21 01:59:15,216 INFO test.py line 240 3332982] Evaluating 720/1449 on image 2009_001505.png, accuracy 0.9650.
[2024-12-21 01:59:15,223 INFO test.py line 240 3332982] Evaluating 721/1449 on image 2009_001535.png, accuracy 0.9990.
[2024-12-21 01:59:15,231 INFO test.py line 240 3332982] Evaluating 722/1449 on image 2009_001536.png, accuracy 0.8087.
[2024-12-21 01:59:15,238 INFO test.py line 240 3332982] Evaluating 723/1449 on image 2009_001565.png, accuracy 0.9957.
[2024-12-21 01:59:15,245 INFO test.py line 240 3332982] Evaluating 724/1449 on image 2009_001607.png, accuracy 0.9960.
[2024-12-21 01:59:15,252 INFO test.py line 240 3332982] Evaluating 725/1449 on image 2009_001644.png, accuracy 0.9589.
[2024-12-21 01:59:15,260 INFO test.py line 240 3332982] Evaluating 726/1449 on image 2009_001663.png, accuracy 0.9665.
[2024-12-21 01:59:15,268 INFO test.py line 240 3332982] Evaluating 727/1449 on image 2009_001683.png, accuracy 0.9971.
[2024-12-21 01:59:15,276 INFO test.py line 240 3332982] Evaluating 728/1449 on image 2009_001684.png, accuracy 0.9288.
[2024-12-21 01:59:15,283 INFO test.py line 240 3332982] Evaluating 729/1449 on image 2009_001687.png, accuracy 0.8532.
[2024-12-21 01:59:15,291 INFO test.py line 240 3332982] Evaluating 730/1449 on image 2009_001718.png, accuracy 0.9733.
[2024-12-21 01:59:15,298 INFO test.py line 240 3332982] Evaluating 731/1449 on image 2009_001731.png, accuracy 0.9603.
[2024-12-21 01:59:15,305 INFO test.py line 240 3332982] Evaluating 732/1449 on image 2009_001765.png, accuracy 0.9986.
[2024-12-21 01:59:15,314 INFO test.py line 240 3332982] Evaluating 733/1449 on image 2009_001768.png, accuracy 0.9793.
[2024-12-21 01:59:15,322 INFO test.py line 240 3332982] Evaluating 734/1449 on image 2009_001775.png, accuracy 0.7318.
[2024-12-21 01:59:15,330 INFO test.py line 240 3332982] Evaluating 735/1449 on image 2009_001804.png, accuracy 0.8520.
[2024-12-21 01:59:15,338 INFO test.py line 240 3332982] Evaluating 736/1449 on image 2009_001816.png, accuracy 0.9133.
[2024-12-21 01:59:15,344 INFO test.py line 240 3332982] Evaluating 737/1449 on image 2009_001818.png, accuracy 0.8895.
[2024-12-21 01:59:15,351 INFO test.py line 240 3332982] Evaluating 738/1449 on image 2009_001850.png, accuracy 0.9986.
[2024-12-21 01:59:15,359 INFO test.py line 240 3332982] Evaluating 739/1449 on image 2009_001851.png, accuracy 0.9963.
[2024-12-21 01:59:15,366 INFO test.py line 240 3332982] Evaluating 740/1449 on image 2009_001854.png, accuracy 0.7395.
[2024-12-21 01:59:15,374 INFO test.py line 240 3332982] Evaluating 741/1449 on image 2009_001941.png, accuracy 0.9164.
[2024-12-21 01:59:15,385 INFO test.py line 240 3332982] Evaluating 742/1449 on image 2009_001991.png, accuracy 0.9962.
[2024-12-21 01:59:15,392 INFO test.py line 240 3332982] Evaluating 743/1449 on image 2009_002012.png, accuracy 0.9972.
[2024-12-21 01:59:15,399 INFO test.py line 240 3332982] Evaluating 744/1449 on image 2009_002035.png, accuracy 0.9986.
[2024-12-21 01:59:15,406 INFO test.py line 240 3332982] Evaluating 745/1449 on image 2009_002042.png, accuracy 0.9985.
[2024-12-21 01:59:15,414 INFO test.py line 240 3332982] Evaluating 746/1449 on image 2009_002082.png, accuracy 0.9893.
[2024-12-21 01:59:15,422 INFO test.py line 240 3332982] Evaluating 747/1449 on image 2009_002094.png, accuracy 0.9590.
[2024-12-21 01:59:15,429 INFO test.py line 240 3332982] Evaluating 748/1449 on image 2009_002097.png, accuracy 0.9979.
[2024-12-21 01:59:15,436 INFO test.py line 240 3332982] Evaluating 749/1449 on image 2009_002122.png, accuracy 0.9839.
[2024-12-21 01:59:15,444 INFO test.py line 240 3332982] Evaluating 750/1449 on image 2009_002150.png, accuracy 0.9669.
[2024-12-21 01:59:15,452 INFO test.py line 240 3332982] Evaluating 751/1449 on image 2009_002155.png, accuracy 0.9763.
[2024-12-21 01:59:15,459 INFO test.py line 240 3332982] Evaluating 752/1449 on image 2009_002164.png, accuracy 0.9703.
[2024-12-21 01:59:15,467 INFO test.py line 240 3332982] Evaluating 753/1449 on image 2009_002165.png, accuracy 0.8765.
[2024-12-21 01:59:15,475 INFO test.py line 240 3332982] Evaluating 754/1449 on image 2009_002171.png, accuracy 0.9959.
[2024-12-21 01:59:15,481 INFO test.py line 240 3332982] Evaluating 755/1449 on image 2009_002185.png, accuracy 0.9423.
[2024-12-21 01:59:15,488 INFO test.py line 240 3332982] Evaluating 756/1449 on image 2009_002202.png, accuracy 0.9823.
[2024-12-21 01:59:15,496 INFO test.py line 240 3332982] Evaluating 757/1449 on image 2009_002221.png, accuracy 0.9516.
[2024-12-21 01:59:15,504 INFO test.py line 240 3332982] Evaluating 758/1449 on image 2009_002238.png, accuracy 0.6104.
[2024-12-21 01:59:15,514 INFO test.py line 240 3332982] Evaluating 759/1449 on image 2009_002239.png, accuracy 0.6352.
[2024-12-21 01:59:15,521 INFO test.py line 240 3332982] Evaluating 760/1449 on image 2009_002265.png, accuracy 0.9926.
[2024-12-21 01:59:15,528 INFO test.py line 240 3332982] Evaluating 761/1449 on image 2009_002268.png, accuracy 0.9874.
[2024-12-21 01:59:15,535 INFO test.py line 240 3332982] Evaluating 762/1449 on image 2009_002291.png, accuracy 0.9841.
[2024-12-21 01:59:15,544 INFO test.py line 240 3332982] Evaluating 763/1449 on image 2009_002295.png, accuracy 0.9149.
[2024-12-21 01:59:15,551 INFO test.py line 240 3332982] Evaluating 764/1449 on image 2009_002317.png, accuracy 0.9718.
[2024-12-21 01:59:15,557 INFO test.py line 240 3332982] Evaluating 765/1449 on image 2009_002320.png, accuracy 0.9996.
[2024-12-21 01:59:15,565 INFO test.py line 240 3332982] Evaluating 766/1449 on image 2009_002346.png, accuracy 0.6803.
[2024-12-21 01:59:15,573 INFO test.py line 240 3332982] Evaluating 767/1449 on image 2009_002366.png, accuracy 0.9634.
[2024-12-21 01:59:15,580 INFO test.py line 240 3332982] Evaluating 768/1449 on image 2009_002372.png, accuracy 0.7719.
[2024-12-21 01:59:15,588 INFO test.py line 240 3332982] Evaluating 769/1449 on image 2009_002382.png, accuracy 0.8588.
[2024-12-21 01:59:15,595 INFO test.py line 240 3332982] Evaluating 770/1449 on image 2009_002390.png, accuracy 0.8326.
[2024-12-21 01:59:15,603 INFO test.py line 240 3332982] Evaluating 771/1449 on image 2009_002415.png, accuracy 0.6617.
[2024-12-21 01:59:15,612 INFO test.py line 240 3332982] Evaluating 772/1449 on image 2009_002445.png, accuracy 0.9990.
[2024-12-21 01:59:15,619 INFO test.py line 240 3332982] Evaluating 773/1449 on image 2009_002487.png, accuracy 0.9480.
[2024-12-21 01:59:15,625 INFO test.py line 240 3332982] Evaluating 774/1449 on image 2009_002521.png, accuracy 0.9996.
[2024-12-21 01:59:15,633 INFO test.py line 240 3332982] Evaluating 775/1449 on image 2009_002527.png, accuracy 0.9830.
[2024-12-21 01:59:15,640 INFO test.py line 240 3332982] Evaluating 776/1449 on image 2009_002535.png, accuracy 0.9027.
[2024-12-21 01:59:15,647 INFO test.py line 240 3332982] Evaluating 777/1449 on image 2009_002539.png, accuracy 0.9965.
[2024-12-21 01:59:15,654 INFO test.py line 240 3332982] Evaluating 778/1449 on image 2009_002549.png, accuracy 0.9986.
[2024-12-21 01:59:15,661 INFO test.py line 240 3332982] Evaluating 779/1449 on image 2009_002562.png, accuracy 0.7827.
[2024-12-21 01:59:15,668 INFO test.py line 240 3332982] Evaluating 780/1449 on image 2009_002568.png, accuracy 0.9202.
[2024-12-21 01:59:15,676 INFO test.py line 240 3332982] Evaluating 781/1449 on image 2009_002571.png, accuracy 0.8359.
[2024-12-21 01:59:15,683 INFO test.py line 240 3332982] Evaluating 782/1449 on image 2009_002573.png, accuracy 0.9812.
[2024-12-21 01:59:15,691 INFO test.py line 240 3332982] Evaluating 783/1449 on image 2009_002584.png, accuracy 0.9232.
[2024-12-21 01:59:15,699 INFO test.py line 240 3332982] Evaluating 784/1449 on image 2009_002591.png, accuracy 0.9846.
[2024-12-21 01:59:15,707 INFO test.py line 240 3332982] Evaluating 785/1449 on image 2009_002594.png, accuracy 0.9923.
[2024-12-21 01:59:15,714 INFO test.py line 240 3332982] Evaluating 786/1449 on image 2009_002604.png, accuracy 0.9962.
[2024-12-21 01:59:15,721 INFO test.py line 240 3332982] Evaluating 787/1449 on image 2009_002618.png, accuracy 0.9951.
[2024-12-21 01:59:15,729 INFO test.py line 240 3332982] Evaluating 788/1449 on image 2009_002635.png, accuracy 0.9982.
[2024-12-21 01:59:15,737 INFO test.py line 240 3332982] Evaluating 789/1449 on image 2009_002638.png, accuracy 0.9784.
[2024-12-21 01:59:15,746 INFO test.py line 240 3332982] Evaluating 790/1449 on image 2009_002649.png, accuracy 0.9358.
[2024-12-21 01:59:15,753 INFO test.py line 240 3332982] Evaluating 791/1449 on image 2009_002651.png, accuracy 0.9946.
[2024-12-21 01:59:15,760 INFO test.py line 240 3332982] Evaluating 792/1449 on image 2009_002727.png, accuracy 0.9784.
[2024-12-21 01:59:15,767 INFO test.py line 240 3332982] Evaluating 793/1449 on image 2009_002732.png, accuracy 0.3315.
[2024-12-21 01:59:15,771 INFO test.py line 240 3332982] Evaluating 794/1449 on image 2009_002749.png, accuracy 0.9954.
[2024-12-21 01:59:15,779 INFO test.py line 240 3332982] Evaluating 795/1449 on image 2009_002753.png, accuracy 0.9912.
[2024-12-21 01:59:15,787 INFO test.py line 240 3332982] Evaluating 796/1449 on image 2009_002771.png, accuracy 0.9887.
[2024-12-21 01:59:15,795 INFO test.py line 240 3332982] Evaluating 797/1449 on image 2009_002808.png, accuracy 0.9761.
[2024-12-21 01:59:15,802 INFO test.py line 240 3332982] Evaluating 798/1449 on image 2009_002856.png, accuracy 0.9968.
[2024-12-21 01:59:15,806 INFO test.py line 240 3332982] Evaluating 799/1449 on image 2009_002887.png, accuracy 0.6768.
[2024-12-21 01:59:15,814 INFO test.py line 240 3332982] Evaluating 800/1449 on image 2009_002888.png, accuracy 0.9938.
[2024-12-21 01:59:15,822 INFO test.py line 240 3332982] Evaluating 801/1449 on image 2009_002928.png, accuracy 0.8989.
[2024-12-21 01:59:15,830 INFO test.py line 240 3332982] Evaluating 802/1449 on image 2009_002936.png, accuracy 0.9962.
[2024-12-21 01:59:15,837 INFO test.py line 240 3332982] Evaluating 803/1449 on image 2009_002975.png, accuracy 0.9874.
[2024-12-21 01:59:15,845 INFO test.py line 240 3332982] Evaluating 804/1449 on image 2009_002982.png, accuracy 0.9726.
[2024-12-21 01:59:15,852 INFO test.py line 240 3332982] Evaluating 805/1449 on image 2009_002990.png, accuracy 0.9936.
[2024-12-21 01:59:15,860 INFO test.py line 240 3332982] Evaluating 806/1449 on image 2009_003003.png, accuracy 0.5431.
[2024-12-21 01:59:15,867 INFO test.py line 240 3332982] Evaluating 807/1449 on image 2009_003005.png, accuracy 0.9977.
[2024-12-21 01:59:15,875 INFO test.py line 240 3332982] Evaluating 808/1449 on image 2009_003043.png, accuracy 0.9883.
[2024-12-21 01:59:15,882 INFO test.py line 240 3332982] Evaluating 809/1449 on image 2009_003059.png, accuracy 0.9845.
[2024-12-21 01:59:15,890 INFO test.py line 240 3332982] Evaluating 810/1449 on image 2009_003063.png, accuracy 0.9983.
[2024-12-21 01:59:15,898 INFO test.py line 240 3332982] Evaluating 811/1449 on image 2009_003065.png, accuracy 0.9859.
[2024-12-21 01:59:15,905 INFO test.py line 240 3332982] Evaluating 812/1449 on image 2009_003071.png, accuracy 0.8280.
[2024-12-21 01:59:15,913 INFO test.py line 240 3332982] Evaluating 813/1449 on image 2009_003080.png, accuracy 0.9952.
[2024-12-21 01:59:15,921 INFO test.py line 240 3332982] Evaluating 814/1449 on image 2009_003105.png, accuracy 0.9892.
[2024-12-21 01:59:15,928 INFO test.py line 240 3332982] Evaluating 815/1449 on image 2009_003123.png, accuracy 0.7465.
[2024-12-21 01:59:15,936 INFO test.py line 240 3332982] Evaluating 816/1449 on image 2009_003193.png, accuracy 0.9178.
[2024-12-21 01:59:15,944 INFO test.py line 240 3332982] Evaluating 817/1449 on image 2009_003196.png, accuracy 0.9948.
[2024-12-21 01:59:15,952 INFO test.py line 240 3332982] Evaluating 818/1449 on image 2009_003217.png, accuracy 0.9973.
[2024-12-21 01:59:15,960 INFO test.py line 240 3332982] Evaluating 819/1449 on image 2009_003224.png, accuracy 0.9390.
[2024-12-21 01:59:15,968 INFO test.py line 240 3332982] Evaluating 820/1449 on image 2009_003241.png, accuracy 0.9626.
[2024-12-21 01:59:15,976 INFO test.py line 240 3332982] Evaluating 821/1449 on image 2009_003269.png, accuracy 0.9644.
[2024-12-21 01:59:15,984 INFO test.py line 240 3332982] Evaluating 822/1449 on image 2009_003273.png, accuracy 0.9817.
[2024-12-21 01:59:15,991 INFO test.py line 240 3332982] Evaluating 823/1449 on image 2009_003299.png, accuracy 0.9270.
[2024-12-21 01:59:15,998 INFO test.py line 240 3332982] Evaluating 824/1449 on image 2009_003304.png, accuracy 0.7725.
[2024-12-21 01:59:16,005 INFO test.py line 240 3332982] Evaluating 825/1449 on image 2009_003311.png, accuracy 0.9714.
[2024-12-21 01:59:16,014 INFO test.py line 240 3332982] Evaluating 826/1449 on image 2009_003323.png, accuracy 0.9899.
[2024-12-21 01:59:16,019 INFO test.py line 240 3332982] Evaluating 827/1449 on image 2009_003343.png, accuracy 0.2501.
[2024-12-21 01:59:16,029 INFO test.py line 240 3332982] Evaluating 828/1449 on image 2009_003378.png, accuracy 0.9905.
[2024-12-21 01:59:16,037 INFO test.py line 240 3332982] Evaluating 829/1449 on image 2009_003387.png, accuracy 0.9027.
[2024-12-21 01:59:16,043 INFO test.py line 240 3332982] Evaluating 830/1449 on image 2009_003406.png, accuracy 0.9921.
[2024-12-21 01:59:16,051 INFO test.py line 240 3332982] Evaluating 831/1449 on image 2009_003433.png, accuracy 0.9604.
[2024-12-21 01:59:16,059 INFO test.py line 240 3332982] Evaluating 832/1449 on image 2009_003450.png, accuracy 0.9951.
[2024-12-21 01:59:16,067 INFO test.py line 240 3332982] Evaluating 833/1449 on image 2009_003466.png, accuracy 0.9897.
[2024-12-21 01:59:16,074 INFO test.py line 240 3332982] Evaluating 834/1449 on image 2009_003481.png, accuracy 0.9792.
[2024-12-21 01:59:16,083 INFO test.py line 240 3332982] Evaluating 835/1449 on image 2009_003494.png, accuracy 0.9651.
[2024-12-21 01:59:16,090 INFO test.py line 240 3332982] Evaluating 836/1449 on image 2009_003498.png, accuracy 0.9891.
[2024-12-21 01:59:16,097 INFO test.py line 240 3332982] Evaluating 837/1449 on image 2009_003504.png, accuracy 0.9794.
[2024-12-21 01:59:16,105 INFO test.py line 240 3332982] Evaluating 838/1449 on image 2009_003507.png, accuracy 0.9370.
[2024-12-21 01:59:16,113 INFO test.py line 240 3332982] Evaluating 839/1449 on image 2009_003517.png, accuracy 0.9784.
[2024-12-21 01:59:16,120 INFO test.py line 240 3332982] Evaluating 840/1449 on image 2009_003523.png, accuracy 0.5933.
[2024-12-21 01:59:16,128 INFO test.py line 240 3332982] Evaluating 841/1449 on image 2009_003542.png, accuracy 0.9859.
[2024-12-21 01:59:16,134 INFO test.py line 240 3332982] Evaluating 842/1449 on image 2009_003549.png, accuracy 0.9921.
[2024-12-21 01:59:16,143 INFO test.py line 240 3332982] Evaluating 843/1449 on image 2009_003551.png, accuracy 0.5491.
[2024-12-21 01:59:16,151 INFO test.py line 240 3332982] Evaluating 844/1449 on image 2009_003564.png, accuracy 0.6919.
[2024-12-21 01:59:16,159 INFO test.py line 240 3332982] Evaluating 845/1449 on image 2009_003569.png, accuracy 0.9945.
[2024-12-21 01:59:16,166 INFO test.py line 240 3332982] Evaluating 846/1449 on image 2009_003576.png, accuracy 0.9904.
[2024-12-21 01:59:16,174 INFO test.py line 240 3332982] Evaluating 847/1449 on image 2009_003589.png, accuracy 0.9667.
[2024-12-21 01:59:16,181 INFO test.py line 240 3332982] Evaluating 848/1449 on image 2009_003607.png, accuracy 0.6842.
[2024-12-21 01:59:16,189 INFO test.py line 240 3332982] Evaluating 849/1449 on image 2009_003640.png, accuracy 0.9983.
[2024-12-21 01:59:16,197 INFO test.py line 240 3332982] Evaluating 850/1449 on image 2009_003666.png, accuracy 0.9846.
[2024-12-21 01:59:16,204 INFO test.py line 240 3332982] Evaluating 851/1449 on image 2009_003696.png, accuracy 0.9885.
[2024-12-21 01:59:16,212 INFO test.py line 240 3332982] Evaluating 852/1449 on image 2009_003703.png, accuracy 0.8582.
[2024-12-21 01:59:16,219 INFO test.py line 240 3332982] Evaluating 853/1449 on image 2009_003707.png, accuracy 0.9905.
[2024-12-21 01:59:16,227 INFO test.py line 240 3332982] Evaluating 854/1449 on image 2009_003756.png, accuracy 0.9386.
[2024-12-21 01:59:16,234 INFO test.py line 240 3332982] Evaluating 855/1449 on image 2009_003771.png, accuracy 0.9990.
[2024-12-21 01:59:16,241 INFO test.py line 240 3332982] Evaluating 856/1449 on image 2009_003773.png, accuracy 0.9928.
[2024-12-21 01:59:16,249 INFO test.py line 240 3332982] Evaluating 857/1449 on image 2009_003804.png, accuracy 0.8994.
[2024-12-21 01:59:16,256 INFO test.py line 240 3332982] Evaluating 858/1449 on image 2009_003806.png, accuracy 0.9981.
[2024-12-21 01:59:16,264 INFO test.py line 240 3332982] Evaluating 859/1449 on image 2009_003810.png, accuracy 0.8942.
[2024-12-21 01:59:16,272 INFO test.py line 240 3332982] Evaluating 860/1449 on image 2009_003849.png, accuracy 0.9731.
[2024-12-21 01:59:16,280 INFO test.py line 240 3332982] Evaluating 861/1449 on image 2009_003857.png, accuracy 0.9822.
[2024-12-21 01:59:16,288 INFO test.py line 240 3332982] Evaluating 862/1449 on image 2009_003858.png, accuracy 0.9565.
[2024-12-21 01:59:16,296 INFO test.py line 240 3332982] Evaluating 863/1449 on image 2009_003895.png, accuracy 0.8409.
[2024-12-21 01:59:16,303 INFO test.py line 240 3332982] Evaluating 864/1449 on image 2009_003903.png, accuracy 0.9662.
[2024-12-21 01:59:16,310 INFO test.py line 240 3332982] Evaluating 865/1449 on image 2009_003904.png, accuracy 0.9921.
[2024-12-21 01:59:16,319 INFO test.py line 240 3332982] Evaluating 866/1449 on image 2009_003928.png, accuracy 0.9186.
[2024-12-21 01:59:16,326 INFO test.py line 240 3332982] Evaluating 867/1449 on image 2009_003938.png, accuracy 0.9950.
[2024-12-21 01:59:16,335 INFO test.py line 240 3332982] Evaluating 868/1449 on image 2009_003971.png, accuracy 0.9290.
[2024-12-21 01:59:16,343 INFO test.py line 240 3332982] Evaluating 869/1449 on image 2009_003991.png, accuracy 0.9079.
[2024-12-21 01:59:16,347 INFO test.py line 240 3332982] Evaluating 870/1449 on image 2009_004021.png, accuracy 0.9908.
[2024-12-21 01:59:16,353 INFO test.py line 240 3332982] Evaluating 871/1449 on image 2009_004033.png, accuracy 0.9970.
[2024-12-21 01:59:16,361 INFO test.py line 240 3332982] Evaluating 872/1449 on image 2009_004043.png, accuracy 0.9788.
[2024-12-21 01:59:16,368 INFO test.py line 240 3332982] Evaluating 873/1449 on image 2009_004070.png, accuracy 0.9994.
[2024-12-21 01:59:16,375 INFO test.py line 240 3332982] Evaluating 874/1449 on image 2009_004072.png, accuracy 0.5533.
[2024-12-21 01:59:16,383 INFO test.py line 240 3332982] Evaluating 875/1449 on image 2009_004084.png, accuracy 0.9954.
[2024-12-21 01:59:16,390 INFO test.py line 240 3332982] Evaluating 876/1449 on image 2009_004099.png, accuracy 0.5697.
[2024-12-21 01:59:16,397 INFO test.py line 240 3332982] Evaluating 877/1449 on image 2009_004125.png, accuracy 0.9228.
[2024-12-21 01:59:16,405 INFO test.py line 240 3332982] Evaluating 878/1449 on image 2009_004140.png, accuracy 0.8146.
[2024-12-21 01:59:16,412 INFO test.py line 240 3332982] Evaluating 879/1449 on image 2009_004217.png, accuracy 0.9877.
[2024-12-21 01:59:16,421 INFO test.py line 240 3332982] Evaluating 880/1449 on image 2009_004221.png, accuracy 0.9938.
[2024-12-21 01:59:16,429 INFO test.py line 240 3332982] Evaluating 881/1449 on image 2009_004247.png, accuracy 0.9583.
[2024-12-21 01:59:16,436 INFO test.py line 240 3332982] Evaluating 882/1449 on image 2009_004248.png, accuracy 0.9643.
[2024-12-21 01:59:16,444 INFO test.py line 240 3332982] Evaluating 883/1449 on image 2009_004255.png, accuracy 0.9612.
[2024-12-21 01:59:16,451 INFO test.py line 240 3332982] Evaluating 884/1449 on image 2009_004298.png, accuracy 0.8366.
[2024-12-21 01:59:16,459 INFO test.py line 240 3332982] Evaluating 885/1449 on image 2009_004324.png, accuracy 0.9028.
[2024-12-21 01:59:16,466 INFO test.py line 240 3332982] Evaluating 886/1449 on image 2009_004455.png, accuracy 0.9637.
[2024-12-21 01:59:16,474 INFO test.py line 240 3332982] Evaluating 887/1449 on image 2009_004494.png, accuracy 0.9985.
[2024-12-21 01:59:16,482 INFO test.py line 240 3332982] Evaluating 888/1449 on image 2009_004497.png, accuracy 0.9777.
[2024-12-21 01:59:16,490 INFO test.py line 240 3332982] Evaluating 889/1449 on image 2009_004504.png, accuracy 0.9976.
[2024-12-21 01:59:16,497 INFO test.py line 240 3332982] Evaluating 890/1449 on image 2009_004507.png, accuracy 0.9925.
[2024-12-21 01:59:16,505 INFO test.py line 240 3332982] Evaluating 891/1449 on image 2009_004509.png, accuracy 0.9736.
[2024-12-21 01:59:16,513 INFO test.py line 240 3332982] Evaluating 892/1449 on image 2009_004540.png, accuracy 0.9956.
[2024-12-21 01:59:16,520 INFO test.py line 240 3332982] Evaluating 893/1449 on image 2009_004568.png, accuracy 0.9964.
[2024-12-21 01:59:16,527 INFO test.py line 240 3332982] Evaluating 894/1449 on image 2009_004579.png, accuracy 0.9099.
[2024-12-21 01:59:16,535 INFO test.py line 240 3332982] Evaluating 895/1449 on image 2009_004581.png, accuracy 0.9859.
[2024-12-21 01:59:16,542 INFO test.py line 240 3332982] Evaluating 896/1449 on image 2009_004590.png, accuracy 0.7781.
[2024-12-21 01:59:16,549 INFO test.py line 240 3332982] Evaluating 897/1449 on image 2009_004592.png, accuracy 0.9976.
[2024-12-21 01:59:16,556 INFO test.py line 240 3332982] Evaluating 898/1449 on image 2009_004594.png, accuracy 0.9849.
[2024-12-21 01:59:16,563 INFO test.py line 240 3332982] Evaluating 899/1449 on image 2009_004635.png, accuracy 0.9991.
[2024-12-21 01:59:16,571 INFO test.py line 240 3332982] Evaluating 900/1449 on image 2009_004653.png, accuracy 0.9999.
[2024-12-21 01:59:16,579 INFO test.py line 240 3332982] Evaluating 901/1449 on image 2009_004687.png, accuracy 0.9261.
[2024-12-21 01:59:16,587 INFO test.py line 240 3332982] Evaluating 902/1449 on image 2009_004721.png, accuracy 0.9849.
[2024-12-21 01:59:16,595 INFO test.py line 240 3332982] Evaluating 903/1449 on image 2009_004730.png, accuracy 0.9970.
[2024-12-21 01:59:16,603 INFO test.py line 240 3332982] Evaluating 904/1449 on image 2009_004732.png, accuracy 0.8236.
[2024-12-21 01:59:16,610 INFO test.py line 240 3332982] Evaluating 905/1449 on image 2009_004738.png, accuracy 0.9913.
[2024-12-21 01:59:16,617 INFO test.py line 240 3332982] Evaluating 906/1449 on image 2009_004748.png, accuracy 0.9907.
[2024-12-21 01:59:16,625 INFO test.py line 240 3332982] Evaluating 907/1449 on image 2009_004789.png, accuracy 0.6805.
[2024-12-21 01:59:16,632 INFO test.py line 240 3332982] Evaluating 908/1449 on image 2009_004799.png, accuracy 0.9477.
[2024-12-21 01:59:16,638 INFO test.py line 240 3332982] Evaluating 909/1449 on image 2009_004801.png, accuracy 0.9937.
[2024-12-21 01:59:16,647 INFO test.py line 240 3332982] Evaluating 910/1449 on image 2009_004848.png, accuracy 0.9617.
[2024-12-21 01:59:16,654 INFO test.py line 240 3332982] Evaluating 911/1449 on image 2009_004859.png, accuracy 0.4669.
[2024-12-21 01:59:16,661 INFO test.py line 240 3332982] Evaluating 912/1449 on image 2009_004867.png, accuracy 0.8882.
[2024-12-21 01:59:16,670 INFO test.py line 240 3332982] Evaluating 913/1449 on image 2009_004882.png, accuracy 0.8457.
[2024-12-21 01:59:16,677 INFO test.py line 240 3332982] Evaluating 914/1449 on image 2009_004886.png, accuracy 0.9984.
[2024-12-21 01:59:16,684 INFO test.py line 240 3332982] Evaluating 915/1449 on image 2009_004895.png, accuracy 0.9842.
[2024-12-21 01:59:16,693 INFO test.py line 240 3332982] Evaluating 916/1449 on image 2009_004942.png, accuracy 0.9907.
[2024-12-21 01:59:16,701 INFO test.py line 240 3332982] Evaluating 917/1449 on image 2009_004969.png, accuracy 0.9492.
[2024-12-21 01:59:16,708 INFO test.py line 240 3332982] Evaluating 918/1449 on image 2009_004987.png, accuracy 0.9871.
[2024-12-21 01:59:16,716 INFO test.py line 240 3332982] Evaluating 919/1449 on image 2009_004993.png, accuracy 0.8292.
[2024-12-21 01:59:16,723 INFO test.py line 240 3332982] Evaluating 920/1449 on image 2009_004994.png, accuracy 0.9704.
[2024-12-21 01:59:16,731 INFO test.py line 240 3332982] Evaluating 921/1449 on image 2009_005038.png, accuracy 0.8331.
[2024-12-21 01:59:16,739 INFO test.py line 240 3332982] Evaluating 922/1449 on image 2009_005078.png, accuracy 0.9938.
[2024-12-21 01:59:16,747 INFO test.py line 240 3332982] Evaluating 923/1449 on image 2009_005087.png, accuracy 0.9888.
[2024-12-21 01:59:16,755 INFO test.py line 240 3332982] Evaluating 924/1449 on image 2009_005089.png, accuracy 0.9937.
[2024-12-21 01:59:16,762 INFO test.py line 240 3332982] Evaluating 925/1449 on image 2009_005137.png, accuracy 0.9964.
[2024-12-21 01:59:16,766 INFO test.py line 240 3332982] Evaluating 926/1449 on image 2009_005148.png, accuracy 0.7386.
[2024-12-21 01:59:16,775 INFO test.py line 240 3332982] Evaluating 927/1449 on image 2009_005156.png, accuracy 0.9334.
[2024-12-21 01:59:16,783 INFO test.py line 240 3332982] Evaluating 928/1449 on image 2009_005158.png, accuracy 0.9990.
[2024-12-21 01:59:16,790 INFO test.py line 240 3332982] Evaluating 929/1449 on image 2009_005189.png, accuracy 0.9968.
[2024-12-21 01:59:16,797 INFO test.py line 240 3332982] Evaluating 930/1449 on image 2009_005190.png, accuracy 0.9951.
[2024-12-21 01:59:16,806 INFO test.py line 240 3332982] Evaluating 931/1449 on image 2009_005217.png, accuracy 0.9824.
[2024-12-21 01:59:16,814 INFO test.py line 240 3332982] Evaluating 932/1449 on image 2009_005219.png, accuracy 0.9911.
[2024-12-21 01:59:16,821 INFO test.py line 240 3332982] Evaluating 933/1449 on image 2009_005220.png, accuracy 0.9573.
[2024-12-21 01:59:16,828 INFO test.py line 240 3332982] Evaluating 934/1449 on image 2009_005231.png, accuracy 0.9881.
[2024-12-21 01:59:16,836 INFO test.py line 240 3332982] Evaluating 935/1449 on image 2009_005260.png, accuracy 0.9977.
[2024-12-21 01:59:16,844 INFO test.py line 240 3332982] Evaluating 936/1449 on image 2009_005262.png, accuracy 0.9457.
[2024-12-21 01:59:16,852 INFO test.py line 240 3332982] Evaluating 937/1449 on image 2009_005302.png, accuracy 0.8712.
[2024-12-21 01:59:16,860 INFO test.py line 240 3332982] Evaluating 938/1449 on image 2010_000003.png, accuracy 0.7848.
[2024-12-21 01:59:16,870 INFO test.py line 240 3332982] Evaluating 939/1449 on image 2010_000038.png, accuracy 0.9745.
[2024-12-21 01:59:16,878 INFO test.py line 240 3332982] Evaluating 940/1449 on image 2010_000065.png, accuracy 0.9542.
[2024-12-21 01:59:16,885 INFO test.py line 240 3332982] Evaluating 941/1449 on image 2010_000083.png, accuracy 0.9903.
[2024-12-21 01:59:16,892 INFO test.py line 240 3332982] Evaluating 942/1449 on image 2010_000084.png, accuracy 0.9833.
[2024-12-21 01:59:16,901 INFO test.py line 240 3332982] Evaluating 943/1449 on image 2010_000087.png, accuracy 0.9087.
[2024-12-21 01:59:16,907 INFO test.py line 240 3332982] Evaluating 944/1449 on image 2010_000110.png, accuracy 0.7491.
[2024-12-21 01:59:16,914 INFO test.py line 240 3332982] Evaluating 945/1449 on image 2010_000159.png, accuracy 0.9587.
[2024-12-21 01:59:16,922 INFO test.py line 240 3332982] Evaluating 946/1449 on image 2010_000160.png, accuracy 0.9264.
[2024-12-21 01:59:16,930 INFO test.py line 240 3332982] Evaluating 947/1449 on image 2010_000163.png, accuracy 0.9966.
[2024-12-21 01:59:16,938 INFO test.py line 240 3332982] Evaluating 948/1449 on image 2010_000174.png, accuracy 0.8615.
[2024-12-21 01:59:16,941 INFO test.py line 240 3332982] Evaluating 949/1449 on image 2010_000216.png, accuracy 0.9942.
[2024-12-21 01:59:16,948 INFO test.py line 240 3332982] Evaluating 950/1449 on image 2010_000238.png, accuracy 0.9587.
[2024-12-21 01:59:16,955 INFO test.py line 240 3332982] Evaluating 951/1449 on image 2010_000241.png, accuracy 0.9982.
[2024-12-21 01:59:16,961 INFO test.py line 240 3332982] Evaluating 952/1449 on image 2010_000256.png, accuracy 0.9221.
[2024-12-21 01:59:16,967 INFO test.py line 240 3332982] Evaluating 953/1449 on image 2010_000272.png, accuracy 0.9804.
[2024-12-21 01:59:16,975 INFO test.py line 240 3332982] Evaluating 954/1449 on image 2010_000284.png, accuracy 0.9079.
[2024-12-21 01:59:16,983 INFO test.py line 240 3332982] Evaluating 955/1449 on image 2010_000309.png, accuracy 0.9972.
[2024-12-21 01:59:16,990 INFO test.py line 240 3332982] Evaluating 956/1449 on image 2010_000318.png, accuracy 0.9259.
[2024-12-21 01:59:16,996 INFO test.py line 240 3332982] Evaluating 957/1449 on image 2010_000330.png, accuracy 0.9515.
[2024-12-21 01:59:17,003 INFO test.py line 240 3332982] Evaluating 958/1449 on image 2010_000335.png, accuracy 0.9999.
[2024-12-21 01:59:17,011 INFO test.py line 240 3332982] Evaluating 959/1449 on image 2010_000342.png, accuracy 0.8562.
[2024-12-21 01:59:17,017 INFO test.py line 240 3332982] Evaluating 960/1449 on image 2010_000372.png, accuracy 0.9755.
[2024-12-21 01:59:17,025 INFO test.py line 240 3332982] Evaluating 961/1449 on image 2010_000422.png, accuracy 0.9795.
[2024-12-21 01:59:17,031 INFO test.py line 240 3332982] Evaluating 962/1449 on image 2010_000426.png, accuracy 0.6589.
[2024-12-21 01:59:17,040 INFO test.py line 240 3332982] Evaluating 963/1449 on image 2010_000427.png, accuracy 0.9918.
[2024-12-21 01:59:17,047 INFO test.py line 240 3332982] Evaluating 964/1449 on image 2010_000502.png, accuracy 0.9997.
[2024-12-21 01:59:17,055 INFO test.py line 240 3332982] Evaluating 965/1449 on image 2010_000530.png, accuracy 0.9794.
[2024-12-21 01:59:17,063 INFO test.py line 240 3332982] Evaluating 966/1449 on image 2010_000552.png, accuracy 0.9831.
[2024-12-21 01:59:17,069 INFO test.py line 240 3332982] Evaluating 967/1449 on image 2010_000559.png, accuracy 0.9045.
[2024-12-21 01:59:17,076 INFO test.py line 240 3332982] Evaluating 968/1449 on image 2010_000572.png, accuracy 0.9975.
[2024-12-21 01:59:17,084 INFO test.py line 240 3332982] Evaluating 969/1449 on image 2010_000573.png, accuracy 0.7746.
[2024-12-21 01:59:17,091 INFO test.py line 240 3332982] Evaluating 970/1449 on image 2010_000622.png, accuracy 0.9519.
[2024-12-21 01:59:17,099 INFO test.py line 240 3332982] Evaluating 971/1449 on image 2010_000628.png, accuracy 0.9917.
[2024-12-21 01:59:17,107 INFO test.py line 240 3332982] Evaluating 972/1449 on image 2010_000639.png, accuracy 0.7266.
[2024-12-21 01:59:17,114 INFO test.py line 240 3332982] Evaluating 973/1449 on image 2010_000666.png, accuracy 0.9763.
[2024-12-21 01:59:17,119 INFO test.py line 240 3332982] Evaluating 974/1449 on image 2010_000679.png, accuracy 0.9921.
[2024-12-21 01:59:17,125 INFO test.py line 240 3332982] Evaluating 975/1449 on image 2010_000682.png, accuracy 0.8522.
[2024-12-21 01:59:17,132 INFO test.py line 240 3332982] Evaluating 976/1449 on image 2010_000683.png, accuracy 0.9504.
[2024-12-21 01:59:17,137 INFO test.py line 240 3332982] Evaluating 977/1449 on image 2010_000724.png, accuracy 0.9839.
[2024-12-21 01:59:17,145 INFO test.py line 240 3332982] Evaluating 978/1449 on image 2010_000738.png, accuracy 0.9785.
[2024-12-21 01:59:17,151 INFO test.py line 240 3332982] Evaluating 979/1449 on image 2010_000764.png, accuracy 0.5554.
[2024-12-21 01:59:17,159 INFO test.py line 240 3332982] Evaluating 980/1449 on image 2010_000788.png, accuracy 0.9882.
[2024-12-21 01:59:17,167 INFO test.py line 240 3332982] Evaluating 981/1449 on image 2010_000814.png, accuracy 0.8113.
[2024-12-21 01:59:17,175 INFO test.py line 240 3332982] Evaluating 982/1449 on image 2010_000836.png, accuracy 0.9997.
[2024-12-21 01:59:17,182 INFO test.py line 240 3332982] Evaluating 983/1449 on image 2010_000874.png, accuracy 0.9491.
[2024-12-21 01:59:17,191 INFO test.py line 240 3332982] Evaluating 984/1449 on image 2010_000904.png, accuracy 0.9483.
[2024-12-21 01:59:17,199 INFO test.py line 240 3332982] Evaluating 985/1449 on image 2010_000906.png, accuracy 0.9985.
[2024-12-21 01:59:17,207 INFO test.py line 240 3332982] Evaluating 986/1449 on image 2010_000907.png, accuracy 0.9904.
[2024-12-21 01:59:17,214 INFO test.py line 240 3332982] Evaluating 987/1449 on image 2010_000918.png, accuracy 0.9999.
[2024-12-21 01:59:17,221 INFO test.py line 240 3332982] Evaluating 988/1449 on image 2010_000929.png, accuracy 0.9980.
[2024-12-21 01:59:17,229 INFO test.py line 240 3332982] Evaluating 989/1449 on image 2010_000941.png, accuracy 0.9881.
[2024-12-21 01:59:17,236 INFO test.py line 240 3332982] Evaluating 990/1449 on image 2010_000952.png, accuracy 0.9312.
[2024-12-21 01:59:17,244 INFO test.py line 240 3332982] Evaluating 991/1449 on image 2010_000961.png, accuracy 0.9963.
[2024-12-21 01:59:17,251 INFO test.py line 240 3332982] Evaluating 992/1449 on image 2010_001000.png, accuracy 0.9973.
[2024-12-21 01:59:17,259 INFO test.py line 240 3332982] Evaluating 993/1449 on image 2010_001010.png, accuracy 0.9965.
[2024-12-21 01:59:17,266 INFO test.py line 240 3332982] Evaluating 994/1449 on image 2010_001011.png, accuracy 0.9675.
[2024-12-21 01:59:17,273 INFO test.py line 240 3332982] Evaluating 995/1449 on image 2010_001016.png, accuracy 0.9961.
[2024-12-21 01:59:17,282 INFO test.py line 240 3332982] Evaluating 996/1449 on image 2010_001017.png, accuracy 0.9983.
[2024-12-21 01:59:17,289 INFO test.py line 240 3332982] Evaluating 997/1449 on image 2010_001024.png, accuracy 0.9715.
[2024-12-21 01:59:17,297 INFO test.py line 240 3332982] Evaluating 998/1449 on image 2010_001036.png, accuracy 0.9682.
[2024-12-21 01:59:17,305 INFO test.py line 240 3332982] Evaluating 999/1449 on image 2010_001061.png, accuracy 0.9944.
[2024-12-21 01:59:17,314 INFO test.py line 240 3332982] Evaluating 1000/1449 on image 2010_001069.png, accuracy 0.9964.
[2024-12-21 01:59:17,322 INFO test.py line 240 3332982] Evaluating 1001/1449 on image 2010_001070.png, accuracy 0.9961.
[2024-12-21 01:59:17,329 INFO test.py line 240 3332982] Evaluating 1002/1449 on image 2010_001079.png, accuracy 0.9981.
[2024-12-21 01:59:17,336 INFO test.py line 240 3332982] Evaluating 1003/1449 on image 2010_001104.png, accuracy 0.9361.
[2024-12-21 01:59:17,345 INFO test.py line 240 3332982] Evaluating 1004/1449 on image 2010_001124.png, accuracy 0.9770.
[2024-12-21 01:59:17,352 INFO test.py line 240 3332982] Evaluating 1005/1449 on image 2010_001149.png, accuracy 0.9148.
[2024-12-21 01:59:17,360 INFO test.py line 240 3332982] Evaluating 1006/1449 on image 2010_001151.png, accuracy 0.9902.
[2024-12-21 01:59:17,367 INFO test.py line 240 3332982] Evaluating 1007/1449 on image 2010_001174.png, accuracy 0.9968.
[2024-12-21 01:59:17,374 INFO test.py line 240 3332982] Evaluating 1008/1449 on image 2010_001206.png, accuracy 0.9647.
[2024-12-21 01:59:17,382 INFO test.py line 240 3332982] Evaluating 1009/1449 on image 2010_001246.png, accuracy 0.9789.
[2024-12-21 01:59:17,390 INFO test.py line 240 3332982] Evaluating 1010/1449 on image 2010_001251.png, accuracy 0.9623.
[2024-12-21 01:59:17,398 INFO test.py line 240 3332982] Evaluating 1011/1449 on image 2010_001256.png, accuracy 0.9972.
[2024-12-21 01:59:17,406 INFO test.py line 240 3332982] Evaluating 1012/1449 on image 2010_001264.png, accuracy 0.9928.
[2024-12-21 01:59:17,415 INFO test.py line 240 3332982] Evaluating 1013/1449 on image 2010_001292.png, accuracy 0.9989.
[2024-12-21 01:59:17,423 INFO test.py line 240 3332982] Evaluating 1014/1449 on image 2010_001313.png, accuracy 0.9904.
[2024-12-21 01:59:17,429 INFO test.py line 240 3332982] Evaluating 1015/1449 on image 2010_001327.png, accuracy 0.1821.
[2024-12-21 01:59:17,437 INFO test.py line 240 3332982] Evaluating 1016/1449 on image 2010_001331.png, accuracy 0.9943.
[2024-12-21 01:59:17,444 INFO test.py line 240 3332982] Evaluating 1017/1449 on image 2010_001351.png, accuracy 0.9828.
[2024-12-21 01:59:17,453 INFO test.py line 240 3332982] Evaluating 1018/1449 on image 2010_001367.png, accuracy 0.7892.
[2024-12-21 01:59:17,457 INFO test.py line 240 3332982] Evaluating 1019/1449 on image 2010_001376.png, accuracy 0.9893.
[2024-12-21 01:59:17,464 INFO test.py line 240 3332982] Evaluating 1020/1449 on image 2010_001403.png, accuracy 0.6835.
[2024-12-21 01:59:17,471 INFO test.py line 240 3332982] Evaluating 1021/1449 on image 2010_001448.png, accuracy 0.9990.
[2024-12-21 01:59:17,477 INFO test.py line 240 3332982] Evaluating 1022/1449 on image 2010_001451.png, accuracy 0.9895.
[2024-12-21 01:59:17,485 INFO test.py line 240 3332982] Evaluating 1023/1449 on image 2010_001522.png, accuracy 0.9902.
[2024-12-21 01:59:17,493 INFO test.py line 240 3332982] Evaluating 1024/1449 on image 2010_001534.png, accuracy 0.9825.
[2024-12-21 01:59:17,500 INFO test.py line 240 3332982] Evaluating 1025/1449 on image 2010_001553.png, accuracy 0.4364.
[2024-12-21 01:59:17,508 INFO test.py line 240 3332982] Evaluating 1026/1449 on image 2010_001557.png, accuracy 0.9970.
[2024-12-21 01:59:17,516 INFO test.py line 240 3332982] Evaluating 1027/1449 on image 2010_001563.png, accuracy 0.9979.
[2024-12-21 01:59:17,524 INFO test.py line 240 3332982] Evaluating 1028/1449 on image 2010_001577.png, accuracy 0.9550.
[2024-12-21 01:59:17,531 INFO test.py line 240 3332982] Evaluating 1029/1449 on image 2010_001579.png, accuracy 0.6135.
[2024-12-21 01:59:17,537 INFO test.py line 240 3332982] Evaluating 1030/1449 on image 2010_001646.png, accuracy 0.7303.
[2024-12-21 01:59:17,545 INFO test.py line 240 3332982] Evaluating 1031/1449 on image 2010_001656.png, accuracy 0.9981.
[2024-12-21 01:59:17,552 INFO test.py line 240 3332982] Evaluating 1032/1449 on image 2010_001692.png, accuracy 0.9716.
[2024-12-21 01:59:17,560 INFO test.py line 240 3332982] Evaluating 1033/1449 on image 2010_001699.png, accuracy 0.9206.
[2024-12-21 01:59:17,568 INFO test.py line 240 3332982] Evaluating 1034/1449 on image 2010_001734.png, accuracy 0.9910.
[2024-12-21 01:59:17,575 INFO test.py line 240 3332982] Evaluating 1035/1449 on image 2010_001752.png, accuracy 0.8731.
[2024-12-21 01:59:17,583 INFO test.py line 240 3332982] Evaluating 1036/1449 on image 2010_001767.png, accuracy 0.8573.
[2024-12-21 01:59:17,590 INFO test.py line 240 3332982] Evaluating 1037/1449 on image 2010_001768.png, accuracy 0.9962.
[2024-12-21 01:59:17,598 INFO test.py line 240 3332982] Evaluating 1038/1449 on image 2010_001773.png, accuracy 0.8619.
[2024-12-21 01:59:17,606 INFO test.py line 240 3332982] Evaluating 1039/1449 on image 2010_001820.png, accuracy 0.9978.
[2024-12-21 01:59:17,613 INFO test.py line 240 3332982] Evaluating 1040/1449 on image 2010_001830.png, accuracy 0.7173.
[2024-12-21 01:59:17,622 INFO test.py line 240 3332982] Evaluating 1041/1449 on image 2010_001851.png, accuracy 0.9473.
[2024-12-21 01:59:17,630 INFO test.py line 240 3332982] Evaluating 1042/1449 on image 2010_001908.png, accuracy 0.9981.
[2024-12-21 01:59:17,637 INFO test.py line 240 3332982] Evaluating 1043/1449 on image 2010_001913.png, accuracy 0.9978.
[2024-12-21 01:59:17,643 INFO test.py line 240 3332982] Evaluating 1044/1449 on image 2010_001951.png, accuracy 0.9920.
[2024-12-21 01:59:17,651 INFO test.py line 240 3332982] Evaluating 1045/1449 on image 2010_001956.png, accuracy 0.9814.
[2024-12-21 01:59:17,657 INFO test.py line 240 3332982] Evaluating 1046/1449 on image 2010_001962.png, accuracy 0.4605.
[2024-12-21 01:59:17,664 INFO test.py line 240 3332982] Evaluating 1047/1449 on image 2010_001966.png, accuracy 0.9935.
[2024-12-21 01:59:17,672 INFO test.py line 240 3332982] Evaluating 1048/1449 on image 2010_001995.png, accuracy 0.9994.
[2024-12-21 01:59:17,680 INFO test.py line 240 3332982] Evaluating 1049/1449 on image 2010_002017.png, accuracy 0.9119.
[2024-12-21 01:59:17,688 INFO test.py line 240 3332982] Evaluating 1050/1449 on image 2010_002025.png, accuracy 0.9588.
[2024-12-21 01:59:17,695 INFO test.py line 240 3332982] Evaluating 1051/1449 on image 2010_002030.png, accuracy 0.8907.
[2024-12-21 01:59:17,702 INFO test.py line 240 3332982] Evaluating 1052/1449 on image 2010_002106.png, accuracy 0.9619.
[2024-12-21 01:59:17,711 INFO test.py line 240 3332982] Evaluating 1053/1449 on image 2010_002137.png, accuracy 0.5637.
[2024-12-21 01:59:17,719 INFO test.py line 240 3332982] Evaluating 1054/1449 on image 2010_002142.png, accuracy 0.9953.
[2024-12-21 01:59:17,727 INFO test.py line 240 3332982] Evaluating 1055/1449 on image 2010_002146.png, accuracy 0.9904.
[2024-12-21 01:59:17,734 INFO test.py line 240 3332982] Evaluating 1056/1449 on image 2010_002147.png, accuracy 0.9912.
[2024-12-21 01:59:17,741 INFO test.py line 240 3332982] Evaluating 1057/1449 on image 2010_002150.png, accuracy 0.9666.
[2024-12-21 01:59:17,748 INFO test.py line 240 3332982] Evaluating 1058/1449 on image 2010_002161.png, accuracy 0.8775.
[2024-12-21 01:59:17,756 INFO test.py line 240 3332982] Evaluating 1059/1449 on image 2010_002200.png, accuracy 0.9941.
[2024-12-21 01:59:17,765 INFO test.py line 240 3332982] Evaluating 1060/1449 on image 2010_002228.png, accuracy 0.9965.
[2024-12-21 01:59:17,773 INFO test.py line 240 3332982] Evaluating 1061/1449 on image 2010_002232.png, accuracy 0.9972.
[2024-12-21 01:59:17,781 INFO test.py line 240 3332982] Evaluating 1062/1449 on image 2010_002251.png, accuracy 0.9649.
[2024-12-21 01:59:17,789 INFO test.py line 240 3332982] Evaluating 1063/1449 on image 2010_002271.png, accuracy 0.9445.
[2024-12-21 01:59:17,797 INFO test.py line 240 3332982] Evaluating 1064/1449 on image 2010_002305.png, accuracy 0.8571.
[2024-12-21 01:59:17,805 INFO test.py line 240 3332982] Evaluating 1065/1449 on image 2010_002310.png, accuracy 0.9961.
[2024-12-21 01:59:17,813 INFO test.py line 240 3332982] Evaluating 1066/1449 on image 2010_002336.png, accuracy 0.7272.
[2024-12-21 01:59:17,821 INFO test.py line 240 3332982] Evaluating 1067/1449 on image 2010_002348.png, accuracy 0.9899.
[2024-12-21 01:59:17,828 INFO test.py line 240 3332982] Evaluating 1068/1449 on image 2010_002361.png, accuracy 0.7984.
[2024-12-21 01:59:17,836 INFO test.py line 240 3332982] Evaluating 1069/1449 on image 2010_002390.png, accuracy 0.8336.
[2024-12-21 01:59:17,843 INFO test.py line 240 3332982] Evaluating 1070/1449 on image 2010_002396.png, accuracy 0.9552.
[2024-12-21 01:59:17,851 INFO test.py line 240 3332982] Evaluating 1071/1449 on image 2010_002422.png, accuracy 0.9836.
[2024-12-21 01:59:17,859 INFO test.py line 240 3332982] Evaluating 1072/1449 on image 2010_002450.png, accuracy 0.9926.
[2024-12-21 01:59:17,867 INFO test.py line 240 3332982] Evaluating 1073/1449 on image 2010_002480.png, accuracy 0.9894.
[2024-12-21 01:59:17,874 INFO test.py line 240 3332982] Evaluating 1074/1449 on image 2010_002512.png, accuracy 0.9441.
[2024-12-21 01:59:17,881 INFO test.py line 240 3332982] Evaluating 1075/1449 on image 2010_002531.png, accuracy 0.1921.
[2024-12-21 01:59:17,889 INFO test.py line 240 3332982] Evaluating 1076/1449 on image 2010_002536.png, accuracy 0.8491.
[2024-12-21 01:59:17,898 INFO test.py line 240 3332982] Evaluating 1077/1449 on image 2010_002538.png, accuracy 0.9976.
[2024-12-21 01:59:17,905 INFO test.py line 240 3332982] Evaluating 1078/1449 on image 2010_002546.png, accuracy 0.8833.
[2024-12-21 01:59:17,912 INFO test.py line 240 3332982] Evaluating 1079/1449 on image 2010_002623.png, accuracy 0.7595.
[2024-12-21 01:59:17,920 INFO test.py line 240 3332982] Evaluating 1080/1449 on image 2010_002682.png, accuracy 0.9411.
[2024-12-21 01:59:17,928 INFO test.py line 240 3332982] Evaluating 1081/1449 on image 2010_002691.png, accuracy 0.9968.
[2024-12-21 01:59:17,936 INFO test.py line 240 3332982] Evaluating 1082/1449 on image 2010_002693.png, accuracy 0.8348.
[2024-12-21 01:59:17,944 INFO test.py line 240 3332982] Evaluating 1083/1449 on image 2010_002701.png, accuracy 0.9996.
[2024-12-21 01:59:17,951 INFO test.py line 240 3332982] Evaluating 1084/1449 on image 2010_002763.png, accuracy 0.8082.
[2024-12-21 01:59:17,958 INFO test.py line 240 3332982] Evaluating 1085/1449 on image 2010_002792.png, accuracy 0.8172.
[2024-12-21 01:59:17,966 INFO test.py line 240 3332982] Evaluating 1086/1449 on image 2010_002868.png, accuracy 0.8033.
[2024-12-21 01:59:17,975 INFO test.py line 240 3332982] Evaluating 1087/1449 on image 2010_002900.png, accuracy 0.9956.
[2024-12-21 01:59:17,982 INFO test.py line 240 3332982] Evaluating 1088/1449 on image 2010_002902.png, accuracy 0.8354.
[2024-12-21 01:59:17,990 INFO test.py line 240 3332982] Evaluating 1089/1449 on image 2010_002921.png, accuracy 0.9225.
[2024-12-21 01:59:17,998 INFO test.py line 240 3332982] Evaluating 1090/1449 on image 2010_002929.png, accuracy 0.8723.
[2024-12-21 01:59:18,002 INFO test.py line 240 3332982] Evaluating 1091/1449 on image 2010_002939.png, accuracy 0.9219.
[2024-12-21 01:59:18,010 INFO test.py line 240 3332982] Evaluating 1092/1449 on image 2010_002988.png, accuracy 0.9751.
[2024-12-21 01:59:18,018 INFO test.py line 240 3332982] Evaluating 1093/1449 on image 2010_003014.png, accuracy 0.8982.
[2024-12-21 01:59:18,025 INFO test.py line 240 3332982] Evaluating 1094/1449 on image 2010_003060.png, accuracy 0.9960.
[2024-12-21 01:59:18,032 INFO test.py line 240 3332982] Evaluating 1095/1449 on image 2010_003123.png, accuracy 0.3961.
[2024-12-21 01:59:18,040 INFO test.py line 240 3332982] Evaluating 1096/1449 on image 2010_003127.png, accuracy 0.9968.
[2024-12-21 01:59:18,047 INFO test.py line 240 3332982] Evaluating 1097/1449 on image 2010_003132.png, accuracy 0.8470.
[2024-12-21 01:59:18,054 INFO test.py line 240 3332982] Evaluating 1098/1449 on image 2010_003168.png, accuracy 0.9980.
[2024-12-21 01:59:18,062 INFO test.py line 240 3332982] Evaluating 1099/1449 on image 2010_003183.png, accuracy 0.9964.
[2024-12-21 01:59:18,069 INFO test.py line 240 3332982] Evaluating 1100/1449 on image 2010_003187.png, accuracy 0.9788.
[2024-12-21 01:59:18,077 INFO test.py line 240 3332982] Evaluating 1101/1449 on image 2010_003207.png, accuracy 0.9808.
[2024-12-21 01:59:18,087 INFO test.py line 240 3332982] Evaluating 1102/1449 on image 2010_003231.png, accuracy 0.9964.
[2024-12-21 01:59:18,095 INFO test.py line 240 3332982] Evaluating 1103/1449 on image 2010_003239.png, accuracy 0.9415.
[2024-12-21 01:59:18,106 INFO test.py line 240 3332982] Evaluating 1104/1449 on image 2010_003275.png, accuracy 0.9494.
[2024-12-21 01:59:18,113 INFO test.py line 240 3332982] Evaluating 1105/1449 on image 2010_003276.png, accuracy 0.9333.
[2024-12-21 01:59:18,120 INFO test.py line 240 3332982] Evaluating 1106/1449 on image 2010_003293.png, accuracy 0.8809.
[2024-12-21 01:59:18,128 INFO test.py line 240 3332982] Evaluating 1107/1449 on image 2010_003302.png, accuracy 0.9731.
[2024-12-21 01:59:18,136 INFO test.py line 240 3332982] Evaluating 1108/1449 on image 2010_003325.png, accuracy 0.7237.
[2024-12-21 01:59:18,145 INFO test.py line 240 3332982] Evaluating 1109/1449 on image 2010_003362.png, accuracy 0.9626.
[2024-12-21 01:59:18,151 INFO test.py line 240 3332982] Evaluating 1110/1449 on image 2010_003365.png, accuracy 0.9597.
[2024-12-21 01:59:18,158 INFO test.py line 240 3332982] Evaluating 1111/1449 on image 2010_003381.png, accuracy 0.8531.
[2024-12-21 01:59:18,166 INFO test.py line 240 3332982] Evaluating 1112/1449 on image 2010_003402.png, accuracy 0.9864.
[2024-12-21 01:59:18,174 INFO test.py line 240 3332982] Evaluating 1113/1449 on image 2010_003409.png, accuracy 0.9739.
[2024-12-21 01:59:18,182 INFO test.py line 240 3332982] Evaluating 1114/1449 on image 2010_003418.png, accuracy 0.9972.
[2024-12-21 01:59:18,190 INFO test.py line 240 3332982] Evaluating 1115/1449 on image 2010_003446.png, accuracy 0.9694.
[2024-12-21 01:59:18,197 INFO test.py line 240 3332982] Evaluating 1116/1449 on image 2010_003453.png, accuracy 0.8011.
[2024-12-21 01:59:18,205 INFO test.py line 240 3332982] Evaluating 1117/1449 on image 2010_003468.png, accuracy 0.9811.
[2024-12-21 01:59:18,213 INFO test.py line 240 3332982] Evaluating 1118/1449 on image 2010_003473.png, accuracy 0.9545.
[2024-12-21 01:59:18,220 INFO test.py line 240 3332982] Evaluating 1119/1449 on image 2010_003495.png, accuracy 0.9973.
[2024-12-21 01:59:18,228 INFO test.py line 240 3332982] Evaluating 1120/1449 on image 2010_003506.png, accuracy 0.9013.
[2024-12-21 01:59:18,236 INFO test.py line 240 3332982] Evaluating 1121/1449 on image 2010_003514.png, accuracy 0.9690.
[2024-12-21 01:59:18,244 INFO test.py line 240 3332982] Evaluating 1122/1449 on image 2010_003531.png, accuracy 0.8898.
[2024-12-21 01:59:18,252 INFO test.py line 240 3332982] Evaluating 1123/1449 on image 2010_003532.png, accuracy 0.8908.
[2024-12-21 01:59:18,259 INFO test.py line 240 3332982] Evaluating 1124/1449 on image 2010_003541.png, accuracy 0.9894.
[2024-12-21 01:59:18,267 INFO test.py line 240 3332982] Evaluating 1125/1449 on image 2010_003547.png, accuracy 0.9291.
[2024-12-21 01:59:18,275 INFO test.py line 240 3332982] Evaluating 1126/1449 on image 2010_003597.png, accuracy 0.6838.
[2024-12-21 01:59:18,282 INFO test.py line 240 3332982] Evaluating 1127/1449 on image 2010_003675.png, accuracy 0.8179.
[2024-12-21 01:59:18,290 INFO test.py line 240 3332982] Evaluating 1128/1449 on image 2010_003708.png, accuracy 0.9911.
[2024-12-21 01:59:18,297 INFO test.py line 240 3332982] Evaluating 1129/1449 on image 2010_003716.png, accuracy 0.9946.
[2024-12-21 01:59:18,305 INFO test.py line 240 3332982] Evaluating 1130/1449 on image 2010_003746.png, accuracy 0.8832.
[2024-12-21 01:59:18,312 INFO test.py line 240 3332982] Evaluating 1131/1449 on image 2010_003758.png, accuracy 0.9491.
[2024-12-21 01:59:18,319 INFO test.py line 240 3332982] Evaluating 1132/1449 on image 2010_003764.png, accuracy 0.9866.
[2024-12-21 01:59:18,325 INFO test.py line 240 3332982] Evaluating 1133/1449 on image 2010_003768.png, accuracy 0.9909.
[2024-12-21 01:59:18,333 INFO test.py line 240 3332982] Evaluating 1134/1449 on image 2010_003771.png, accuracy 0.9968.
[2024-12-21 01:59:18,341 INFO test.py line 240 3332982] Evaluating 1135/1449 on image 2010_003772.png, accuracy 0.9581.
[2024-12-21 01:59:18,349 INFO test.py line 240 3332982] Evaluating 1136/1449 on image 2010_003781.png, accuracy 0.9586.
[2024-12-21 01:59:18,357 INFO test.py line 240 3332982] Evaluating 1137/1449 on image 2010_003813.png, accuracy 0.9847.
[2024-12-21 01:59:18,362 INFO test.py line 240 3332982] Evaluating 1138/1449 on image 2010_003820.png, accuracy 0.9820.
[2024-12-21 01:59:18,369 INFO test.py line 240 3332982] Evaluating 1139/1449 on image 2010_003854.png, accuracy 0.9508.
[2024-12-21 01:59:18,378 INFO test.py line 240 3332982] Evaluating 1140/1449 on image 2010_003912.png, accuracy 0.9389.
[2024-12-21 01:59:18,387 INFO test.py line 240 3332982] Evaluating 1141/1449 on image 2010_003915.png, accuracy 0.9989.
[2024-12-21 01:59:18,394 INFO test.py line 240 3332982] Evaluating 1142/1449 on image 2010_003947.png, accuracy 0.9685.
[2024-12-21 01:59:18,402 INFO test.py line 240 3332982] Evaluating 1143/1449 on image 2010_003956.png, accuracy 0.9981.
[2024-12-21 01:59:18,410 INFO test.py line 240 3332982] Evaluating 1144/1449 on image 2010_003971.png, accuracy 0.7424.
[2024-12-21 01:59:18,418 INFO test.py line 240 3332982] Evaluating 1145/1449 on image 2010_004041.png, accuracy 0.9892.
[2024-12-21 01:59:18,426 INFO test.py line 240 3332982] Evaluating 1146/1449 on image 2010_004042.png, accuracy 0.9933.
[2024-12-21 01:59:18,432 INFO test.py line 240 3332982] Evaluating 1147/1449 on image 2010_004056.png, accuracy 0.8018.
[2024-12-21 01:59:18,440 INFO test.py line 240 3332982] Evaluating 1148/1449 on image 2010_004063.png, accuracy 0.9937.
[2024-12-21 01:59:18,447 INFO test.py line 240 3332982] Evaluating 1149/1449 on image 2010_004104.png, accuracy 0.9943.
[2024-12-21 01:59:18,455 INFO test.py line 240 3332982] Evaluating 1150/1449 on image 2010_004120.png, accuracy 0.9965.
[2024-12-21 01:59:18,462 INFO test.py line 240 3332982] Evaluating 1151/1449 on image 2010_004149.png, accuracy 0.6729.
[2024-12-21 01:59:18,469 INFO test.py line 240 3332982] Evaluating 1152/1449 on image 2010_004165.png, accuracy 0.9608.
[2024-12-21 01:59:18,476 INFO test.py line 240 3332982] Evaluating 1153/1449 on image 2010_004208.png, accuracy 0.9986.
[2024-12-21 01:59:18,485 INFO test.py line 240 3332982] Evaluating 1154/1449 on image 2010_004219.png, accuracy 0.9053.
[2024-12-21 01:59:18,493 INFO test.py line 240 3332982] Evaluating 1155/1449 on image 2010_004226.png, accuracy 0.9883.
[2024-12-21 01:59:18,501 INFO test.py line 240 3332982] Evaluating 1156/1449 on image 2010_004314.png, accuracy 0.9837.
[2024-12-21 01:59:18,508 INFO test.py line 240 3332982] Evaluating 1157/1449 on image 2010_004320.png, accuracy 0.9080.
[2024-12-21 01:59:18,516 INFO test.py line 240 3332982] Evaluating 1158/1449 on image 2010_004322.png, accuracy 0.9590.
[2024-12-21 01:59:18,524 INFO test.py line 240 3332982] Evaluating 1159/1449 on image 2010_004337.png, accuracy 0.9943.
[2024-12-21 01:59:18,529 INFO test.py line 240 3332982] Evaluating 1160/1449 on image 2010_004348.png, accuracy 0.4024.
[2024-12-21 01:59:18,537 INFO test.py line 240 3332982] Evaluating 1161/1449 on image 2010_004355.png, accuracy 0.9903.
[2024-12-21 01:59:18,545 INFO test.py line 240 3332982] Evaluating 1162/1449 on image 2010_004369.png, accuracy 0.9264.
[2024-12-21 01:59:18,553 INFO test.py line 240 3332982] Evaluating 1163/1449 on image 2010_004382.png, accuracy 0.8163.
[2024-12-21 01:59:18,561 INFO test.py line 240 3332982] Evaluating 1164/1449 on image 2010_004419.png, accuracy 0.9968.
[2024-12-21 01:59:18,569 INFO test.py line 240 3332982] Evaluating 1165/1449 on image 2010_004432.png, accuracy 0.6770.
[2024-12-21 01:59:18,576 INFO test.py line 240 3332982] Evaluating 1166/1449 on image 2010_004472.png, accuracy 0.8876.
[2024-12-21 01:59:18,584 INFO test.py line 240 3332982] Evaluating 1167/1449 on image 2010_004479.png, accuracy 0.9314.
[2024-12-21 01:59:18,592 INFO test.py line 240 3332982] Evaluating 1168/1449 on image 2010_004519.png, accuracy 0.9985.
[2024-12-21 01:59:18,599 INFO test.py line 240 3332982] Evaluating 1169/1449 on image 2010_004520.png, accuracy 0.7415.
[2024-12-21 01:59:18,606 INFO test.py line 240 3332982] Evaluating 1170/1449 on image 2010_004529.png, accuracy 0.9542.
[2024-12-21 01:59:18,613 INFO test.py line 240 3332982] Evaluating 1171/1449 on image 2010_004543.png, accuracy 0.9761.
[2024-12-21 01:59:18,624 INFO test.py line 240 3332982] Evaluating 1172/1449 on image 2010_004550.png, accuracy 0.9586.
[2024-12-21 01:59:18,631 INFO test.py line 240 3332982] Evaluating 1173/1449 on image 2010_004551.png, accuracy 0.9894.
[2024-12-21 01:59:18,637 INFO test.py line 240 3332982] Evaluating 1174/1449 on image 2010_004556.png, accuracy 0.9952.
[2024-12-21 01:59:18,645 INFO test.py line 240 3332982] Evaluating 1175/1449 on image 2010_004559.png, accuracy 0.9577.
[2024-12-21 01:59:18,653 INFO test.py line 240 3332982] Evaluating 1176/1449 on image 2010_004628.png, accuracy 0.9956.
[2024-12-21 01:59:18,661 INFO test.py line 240 3332982] Evaluating 1177/1449 on image 2010_004635.png, accuracy 0.9991.
[2024-12-21 01:59:18,668 INFO test.py line 240 3332982] Evaluating 1178/1449 on image 2010_004662.png, accuracy 0.7819.
[2024-12-21 01:59:18,675 INFO test.py line 240 3332982] Evaluating 1179/1449 on image 2010_004697.png, accuracy 0.9096.
[2024-12-21 01:59:18,683 INFO test.py line 240 3332982] Evaluating 1180/1449 on image 2010_004757.png, accuracy 0.6625.
[2024-12-21 01:59:18,691 INFO test.py line 240 3332982] Evaluating 1181/1449 on image 2010_004763.png, accuracy 0.7018.
[2024-12-21 01:59:18,698 INFO test.py line 240 3332982] Evaluating 1182/1449 on image 2010_004772.png, accuracy 0.7212.
[2024-12-21 01:59:18,706 INFO test.py line 240 3332982] Evaluating 1183/1449 on image 2010_004783.png, accuracy 0.8849.
[2024-12-21 01:59:18,714 INFO test.py line 240 3332982] Evaluating 1184/1449 on image 2010_004789.png, accuracy 0.9972.
[2024-12-21 01:59:18,722 INFO test.py line 240 3332982] Evaluating 1185/1449 on image 2010_004795.png, accuracy 0.9974.
[2024-12-21 01:59:18,730 INFO test.py line 240 3332982] Evaluating 1186/1449 on image 2010_004815.png, accuracy 0.8819.
[2024-12-21 01:59:18,738 INFO test.py line 240 3332982] Evaluating 1187/1449 on image 2010_004825.png, accuracy 0.8901.
[2024-12-21 01:59:18,747 INFO test.py line 240 3332982] Evaluating 1188/1449 on image 2010_004828.png, accuracy 0.8609.
[2024-12-21 01:59:18,754 INFO test.py line 240 3332982] Evaluating 1189/1449 on image 2010_004856.png, accuracy 0.8824.
[2024-12-21 01:59:18,762 INFO test.py line 240 3332982] Evaluating 1190/1449 on image 2010_004857.png, accuracy 0.9638.
[2024-12-21 01:59:18,769 INFO test.py line 240 3332982] Evaluating 1191/1449 on image 2010_004861.png, accuracy 0.9987.
[2024-12-21 01:59:18,776 INFO test.py line 240 3332982] Evaluating 1192/1449 on image 2010_004941.png, accuracy 0.9799.
[2024-12-21 01:59:18,784 INFO test.py line 240 3332982] Evaluating 1193/1449 on image 2010_004946.png, accuracy 0.8644.
[2024-12-21 01:59:18,791 INFO test.py line 240 3332982] Evaluating 1194/1449 on image 2010_004951.png, accuracy 0.7524.
[2024-12-21 01:59:18,798 INFO test.py line 240 3332982] Evaluating 1195/1449 on image 2010_004980.png, accuracy 0.9751.
[2024-12-21 01:59:18,806 INFO test.py line 240 3332982] Evaluating 1196/1449 on image 2010_004994.png, accuracy 0.9671.
[2024-12-21 01:59:18,812 INFO test.py line 240 3332982] Evaluating 1197/1449 on image 2010_005013.png, accuracy 0.9561.
[2024-12-21 01:59:18,820 INFO test.py line 240 3332982] Evaluating 1198/1449 on image 2010_005021.png, accuracy 0.8514.
[2024-12-21 01:59:18,828 INFO test.py line 240 3332982] Evaluating 1199/1449 on image 2010_005046.png, accuracy 0.6739.
[2024-12-21 01:59:18,835 INFO test.py line 240 3332982] Evaluating 1200/1449 on image 2010_005063.png, accuracy 0.9862.
[2024-12-21 01:59:18,842 INFO test.py line 240 3332982] Evaluating 1201/1449 on image 2010_005108.png, accuracy 0.7050.
[2024-12-21 01:59:18,851 INFO test.py line 240 3332982] Evaluating 1202/1449 on image 2010_005118.png, accuracy 0.9200.
[2024-12-21 01:59:18,859 INFO test.py line 240 3332982] Evaluating 1203/1449 on image 2010_005159.png, accuracy 0.9819.
[2024-12-21 01:59:18,867 INFO test.py line 240 3332982] Evaluating 1204/1449 on image 2010_005160.png, accuracy 0.9040.
[2024-12-21 01:59:18,874 INFO test.py line 240 3332982] Evaluating 1205/1449 on image 2010_005166.png, accuracy 0.8964.
[2024-12-21 01:59:18,882 INFO test.py line 240 3332982] Evaluating 1206/1449 on image 2010_005174.png, accuracy 0.9714.
[2024-12-21 01:59:18,889 INFO test.py line 240 3332982] Evaluating 1207/1449 on image 2010_005180.png, accuracy 0.9003.
[2024-12-21 01:59:18,894 INFO test.py line 240 3332982] Evaluating 1208/1449 on image 2010_005187.png, accuracy 0.7964.
[2024-12-21 01:59:18,902 INFO test.py line 240 3332982] Evaluating 1209/1449 on image 2010_005206.png, accuracy 0.9956.
[2024-12-21 01:59:18,910 INFO test.py line 240 3332982] Evaluating 1210/1449 on image 2010_005245.png, accuracy 0.9942.
[2024-12-21 01:59:18,918 INFO test.py line 240 3332982] Evaluating 1211/1449 on image 2010_005252.png, accuracy 0.8516.
[2024-12-21 01:59:18,925 INFO test.py line 240 3332982] Evaluating 1212/1449 on image 2010_005284.png, accuracy 0.7907.
[2024-12-21 01:59:18,931 INFO test.py line 240 3332982] Evaluating 1213/1449 on image 2010_005305.png, accuracy 0.8973.
[2024-12-21 01:59:18,939 INFO test.py line 240 3332982] Evaluating 1214/1449 on image 2010_005344.png, accuracy 0.9863.
[2024-12-21 01:59:18,947 INFO test.py line 240 3332982] Evaluating 1215/1449 on image 2010_005353.png, accuracy 0.9990.
[2024-12-21 01:59:18,955 INFO test.py line 240 3332982] Evaluating 1216/1449 on image 2010_005366.png, accuracy 0.9535.
[2024-12-21 01:59:18,962 INFO test.py line 240 3332982] Evaluating 1217/1449 on image 2010_005401.png, accuracy 0.8106.
[2024-12-21 01:59:18,970 INFO test.py line 240 3332982] Evaluating 1218/1449 on image 2010_005421.png, accuracy 0.9988.
[2024-12-21 01:59:18,977 INFO test.py line 240 3332982] Evaluating 1219/1449 on image 2010_005428.png, accuracy 0.9909.
[2024-12-21 01:59:18,984 INFO test.py line 240 3332982] Evaluating 1220/1449 on image 2010_005432.png, accuracy 0.9566.
[2024-12-21 01:59:18,992 INFO test.py line 240 3332982] Evaluating 1221/1449 on image 2010_005433.png, accuracy 0.9272.
[2024-12-21 01:59:19,000 INFO test.py line 240 3332982] Evaluating 1222/1449 on image 2010_005496.png, accuracy 0.9783.
[2024-12-21 01:59:19,008 INFO test.py line 240 3332982] Evaluating 1223/1449 on image 2010_005501.png, accuracy 0.9734.
[2024-12-21 01:59:19,016 INFO test.py line 240 3332982] Evaluating 1224/1449 on image 2010_005508.png, accuracy 0.4726.
[2024-12-21 01:59:19,024 INFO test.py line 240 3332982] Evaluating 1225/1449 on image 2010_005531.png, accuracy 0.9975.
[2024-12-21 01:59:19,031 INFO test.py line 240 3332982] Evaluating 1226/1449 on image 2010_005534.png, accuracy 0.9938.
[2024-12-21 01:59:19,039 INFO test.py line 240 3332982] Evaluating 1227/1449 on image 2010_005575.png, accuracy 0.9960.
[2024-12-21 01:59:19,047 INFO test.py line 240 3332982] Evaluating 1228/1449 on image 2010_005582.png, accuracy 0.9742.
[2024-12-21 01:59:19,055 INFO test.py line 240 3332982] Evaluating 1229/1449 on image 2010_005606.png, accuracy 0.8060.
[2024-12-21 01:59:19,063 INFO test.py line 240 3332982] Evaluating 1230/1449 on image 2010_005626.png, accuracy 0.9616.
[2024-12-21 01:59:19,070 INFO test.py line 240 3332982] Evaluating 1231/1449 on image 2010_005644.png, accuracy 0.9526.
[2024-12-21 01:59:19,077 INFO test.py line 240 3332982] Evaluating 1232/1449 on image 2010_005664.png, accuracy 0.8753.
[2024-12-21 01:59:19,085 INFO test.py line 240 3332982] Evaluating 1233/1449 on image 2010_005705.png, accuracy 0.9834.
[2024-12-21 01:59:19,093 INFO test.py line 240 3332982] Evaluating 1234/1449 on image 2010_005706.png, accuracy 0.9976.
[2024-12-21 01:59:19,101 INFO test.py line 240 3332982] Evaluating 1235/1449 on image 2010_005709.png, accuracy 0.6866.
[2024-12-21 01:59:19,108 INFO test.py line 240 3332982] Evaluating 1236/1449 on image 2010_005718.png, accuracy 0.9727.
[2024-12-21 01:59:19,115 INFO test.py line 240 3332982] Evaluating 1237/1449 on image 2010_005719.png, accuracy 0.9921.
[2024-12-21 01:59:19,123 INFO test.py line 240 3332982] Evaluating 1238/1449 on image 2010_005727.png, accuracy 0.9933.
[2024-12-21 01:59:19,131 INFO test.py line 240 3332982] Evaluating 1239/1449 on image 2010_005762.png, accuracy 0.9718.
[2024-12-21 01:59:19,138 INFO test.py line 240 3332982] Evaluating 1240/1449 on image 2010_005788.png, accuracy 0.9954.
[2024-12-21 01:59:19,145 INFO test.py line 240 3332982] Evaluating 1241/1449 on image 2010_005860.png, accuracy 0.9582.
[2024-12-21 01:59:19,153 INFO test.py line 240 3332982] Evaluating 1242/1449 on image 2010_005871.png, accuracy 0.7633.
[2024-12-21 01:59:19,161 INFO test.py line 240 3332982] Evaluating 1243/1449 on image 2010_005877.png, accuracy 0.9963.
[2024-12-21 01:59:19,168 INFO test.py line 240 3332982] Evaluating 1244/1449 on image 2010_005888.png, accuracy 0.9972.
[2024-12-21 01:59:19,177 INFO test.py line 240 3332982] Evaluating 1245/1449 on image 2010_005899.png, accuracy 0.9849.
[2024-12-21 01:59:19,184 INFO test.py line 240 3332982] Evaluating 1246/1449 on image 2010_005922.png, accuracy 0.9980.
[2024-12-21 01:59:19,192 INFO test.py line 240 3332982] Evaluating 1247/1449 on image 2010_005991.png, accuracy 0.8253.
[2024-12-21 01:59:19,200 INFO test.py line 240 3332982] Evaluating 1248/1449 on image 2010_005992.png, accuracy 0.9919.
[2024-12-21 01:59:19,206 INFO test.py line 240 3332982] Evaluating 1249/1449 on image 2010_006026.png, accuracy 0.9997.
[2024-12-21 01:59:19,214 INFO test.py line 240 3332982] Evaluating 1250/1449 on image 2010_006034.png, accuracy 0.9860.
[2024-12-21 01:59:19,221 INFO test.py line 240 3332982] Evaluating 1251/1449 on image 2010_006054.png, accuracy 0.9887.
[2024-12-21 01:59:19,229 INFO test.py line 240 3332982] Evaluating 1252/1449 on image 2010_006070.png, accuracy 0.6818.
[2024-12-21 01:59:19,237 INFO test.py line 240 3332982] Evaluating 1253/1449 on image 2011_000045.png, accuracy 0.9959.
[2024-12-21 01:59:19,245 INFO test.py line 240 3332982] Evaluating 1254/1449 on image 2011_000051.png, accuracy 0.9900.
[2024-12-21 01:59:19,254 INFO test.py line 240 3332982] Evaluating 1255/1449 on image 2011_000054.png, accuracy 0.8924.
[2024-12-21 01:59:19,261 INFO test.py line 240 3332982] Evaluating 1256/1449 on image 2011_000066.png, accuracy 0.7820.
[2024-12-21 01:59:19,268 INFO test.py line 240 3332982] Evaluating 1257/1449 on image 2011_000070.png, accuracy 0.3651.
[2024-12-21 01:59:19,275 INFO test.py line 240 3332982] Evaluating 1258/1449 on image 2011_000112.png, accuracy 0.9803.
[2024-12-21 01:59:19,282 INFO test.py line 240 3332982] Evaluating 1259/1449 on image 2011_000173.png, accuracy 0.8703.
[2024-12-21 01:59:19,290 INFO test.py line 240 3332982] Evaluating 1260/1449 on image 2011_000178.png, accuracy 0.9121.
[2024-12-21 01:59:19,297 INFO test.py line 240 3332982] Evaluating 1261/1449 on image 2011_000185.png, accuracy 0.6163.
[2024-12-21 01:59:19,305 INFO test.py line 240 3332982] Evaluating 1262/1449 on image 2011_000226.png, accuracy 0.8199.
[2024-12-21 01:59:19,312 INFO test.py line 240 3332982] Evaluating 1263/1449 on image 2011_000234.png, accuracy 0.9879.
[2024-12-21 01:59:19,320 INFO test.py line 240 3332982] Evaluating 1264/1449 on image 2011_000238.png, accuracy 0.8354.
[2024-12-21 01:59:19,328 INFO test.py line 240 3332982] Evaluating 1265/1449 on image 2011_000239.png, accuracy 0.9338.
[2024-12-21 01:59:19,335 INFO test.py line 240 3332982] Evaluating 1266/1449 on image 2011_000248.png, accuracy 0.9429.
[2024-12-21 01:59:19,342 INFO test.py line 240 3332982] Evaluating 1267/1449 on image 2011_000283.png, accuracy 0.9773.
[2024-12-21 01:59:19,350 INFO test.py line 240 3332982] Evaluating 1268/1449 on image 2011_000291.png, accuracy 0.9501.
[2024-12-21 01:59:19,357 INFO test.py line 240 3332982] Evaluating 1269/1449 on image 2011_000310.png, accuracy 0.9123.
[2024-12-21 01:59:19,364 INFO test.py line 240 3332982] Evaluating 1270/1449 on image 2011_000312.png, accuracy 0.9747.
[2024-12-21 01:59:19,372 INFO test.py line 240 3332982] Evaluating 1271/1449 on image 2011_000338.png, accuracy 0.9451.
[2024-12-21 01:59:19,380 INFO test.py line 240 3332982] Evaluating 1272/1449 on image 2011_000396.png, accuracy 0.9918.
[2024-12-21 01:59:19,388 INFO test.py line 240 3332982] Evaluating 1273/1449 on image 2011_000412.png, accuracy 0.8393.
[2024-12-21 01:59:19,396 INFO test.py line 240 3332982] Evaluating 1274/1449 on image 2011_000419.png, accuracy 0.9885.
[2024-12-21 01:59:19,404 INFO test.py line 240 3332982] Evaluating 1275/1449 on image 2011_000435.png, accuracy 0.6740.
[2024-12-21 01:59:19,412 INFO test.py line 240 3332982] Evaluating 1276/1449 on image 2011_000436.png, accuracy 0.9994.
[2024-12-21 01:59:19,420 INFO test.py line 240 3332982] Evaluating 1277/1449 on image 2011_000438.png, accuracy 0.7132.
[2024-12-21 01:59:19,427 INFO test.py line 240 3332982] Evaluating 1278/1449 on image 2011_000455.png, accuracy 0.9621.
[2024-12-21 01:59:19,434 INFO test.py line 240 3332982] Evaluating 1279/1449 on image 2011_000456.png, accuracy 0.9969.
[2024-12-21 01:59:19,441 INFO test.py line 240 3332982] Evaluating 1280/1449 on image 2011_000479.png, accuracy 0.8282.
[2024-12-21 01:59:19,448 INFO test.py line 240 3332982] Evaluating 1281/1449 on image 2011_000481.png, accuracy 0.9970.
[2024-12-21 01:59:19,455 INFO test.py line 240 3332982] Evaluating 1282/1449 on image 2011_000482.png, accuracy 0.9878.
[2024-12-21 01:59:19,463 INFO test.py line 240 3332982] Evaluating 1283/1449 on image 2011_000503.png, accuracy 0.9792.
[2024-12-21 01:59:19,471 INFO test.py line 240 3332982] Evaluating 1284/1449 on image 2011_000512.png, accuracy 0.8674.
[2024-12-21 01:59:19,478 INFO test.py line 240 3332982] Evaluating 1285/1449 on image 2011_000521.png, accuracy 0.9767.
[2024-12-21 01:59:19,485 INFO test.py line 240 3332982] Evaluating 1286/1449 on image 2011_000526.png, accuracy 0.9964.
[2024-12-21 01:59:19,493 INFO test.py line 240 3332982] Evaluating 1287/1449 on image 2011_000536.png, accuracy 0.9972.
[2024-12-21 01:59:19,499 INFO test.py line 240 3332982] Evaluating 1288/1449 on image 2011_000548.png, accuracy 0.9492.
[2024-12-21 01:59:19,507 INFO test.py line 240 3332982] Evaluating 1289/1449 on image 2011_000566.png, accuracy 0.9298.
[2024-12-21 01:59:19,514 INFO test.py line 240 3332982] Evaluating 1290/1449 on image 2011_000585.png, accuracy 0.9456.
[2024-12-21 01:59:19,522 INFO test.py line 240 3332982] Evaluating 1291/1449 on image 2011_000598.png, accuracy 0.8346.
[2024-12-21 01:59:19,530 INFO test.py line 240 3332982] Evaluating 1292/1449 on image 2011_000607.png, accuracy 0.9249.
[2024-12-21 01:59:19,538 INFO test.py line 240 3332982] Evaluating 1293/1449 on image 2011_000618.png, accuracy 0.9486.
[2024-12-21 01:59:19,545 INFO test.py line 240 3332982] Evaluating 1294/1449 on image 2011_000638.png, accuracy 0.9375.
[2024-12-21 01:59:19,552 INFO test.py line 240 3332982] Evaluating 1295/1449 on image 2011_000658.png, accuracy 0.9972.
[2024-12-21 01:59:19,560 INFO test.py line 240 3332982] Evaluating 1296/1449 on image 2011_000661.png, accuracy 0.5523.
[2024-12-21 01:59:19,567 INFO test.py line 240 3332982] Evaluating 1297/1449 on image 2011_000669.png, accuracy 0.9958.
[2024-12-21 01:59:19,575 INFO test.py line 240 3332982] Evaluating 1298/1449 on image 2011_000747.png, accuracy 0.9621.
[2024-12-21 01:59:19,583 INFO test.py line 240 3332982] Evaluating 1299/1449 on image 2011_000780.png, accuracy 0.8897.
[2024-12-21 01:59:19,591 INFO test.py line 240 3332982] Evaluating 1300/1449 on image 2011_000789.png, accuracy 0.9944.
[2024-12-21 01:59:19,598 INFO test.py line 240 3332982] Evaluating 1301/1449 on image 2011_000807.png, accuracy 0.9988.
[2024-12-21 01:59:19,607 INFO test.py line 240 3332982] Evaluating 1302/1449 on image 2011_000809.png, accuracy 0.9593.
[2024-12-21 01:59:19,615 INFO test.py line 240 3332982] Evaluating 1303/1449 on image 2011_000813.png, accuracy 0.8197.
[2024-12-21 01:59:19,622 INFO test.py line 240 3332982] Evaluating 1304/1449 on image 2011_000830.png, accuracy 0.7276.
[2024-12-21 01:59:19,630 INFO test.py line 240 3332982] Evaluating 1305/1449 on image 2011_000843.png, accuracy 0.7713.
[2024-12-21 01:59:19,636 INFO test.py line 240 3332982] Evaluating 1306/1449 on image 2011_000874.png, accuracy 0.9983.
[2024-12-21 01:59:19,644 INFO test.py line 240 3332982] Evaluating 1307/1449 on image 2011_000888.png, accuracy 0.8241.
[2024-12-21 01:59:19,652 INFO test.py line 240 3332982] Evaluating 1308/1449 on image 2011_000900.png, accuracy 0.9422.
[2024-12-21 01:59:19,660 INFO test.py line 240 3332982] Evaluating 1309/1449 on image 2011_000912.png, accuracy 0.9986.
[2024-12-21 01:59:19,668 INFO test.py line 240 3332982] Evaluating 1310/1449 on image 2011_000953.png, accuracy 0.7557.
[2024-12-21 01:59:19,674 INFO test.py line 240 3332982] Evaluating 1311/1449 on image 2011_000969.png, accuracy 0.8884.
[2024-12-21 01:59:19,682 INFO test.py line 240 3332982] Evaluating 1312/1449 on image 2011_001005.png, accuracy 0.8086.
[2024-12-21 01:59:19,690 INFO test.py line 240 3332982] Evaluating 1313/1449 on image 2011_001014.png, accuracy 0.9990.
[2024-12-21 01:59:19,697 INFO test.py line 240 3332982] Evaluating 1314/1449 on image 2011_001020.png, accuracy 0.9988.
[2024-12-21 01:59:19,706 INFO test.py line 240 3332982] Evaluating 1315/1449 on image 2011_001047.png, accuracy 0.9943.
[2024-12-21 01:59:19,714 INFO test.py line 240 3332982] Evaluating 1316/1449 on image 2011_001060.png, accuracy 0.8477.
[2024-12-21 01:59:19,722 INFO test.py line 240 3332982] Evaluating 1317/1449 on image 2011_001064.png, accuracy 0.9567.
[2024-12-21 01:59:19,730 INFO test.py line 240 3332982] Evaluating 1318/1449 on image 2011_001069.png, accuracy 0.7714.
[2024-12-21 01:59:19,735 INFO test.py line 240 3332982] Evaluating 1319/1449 on image 2011_001071.png, accuracy 0.6214.
[2024-12-21 01:59:19,741 INFO test.py line 240 3332982] Evaluating 1320/1449 on image 2011_001082.png, accuracy 0.9910.
[2024-12-21 01:59:19,748 INFO test.py line 240 3332982] Evaluating 1321/1449 on image 2011_001110.png, accuracy 0.9756.
[2024-12-21 01:59:19,755 INFO test.py line 240 3332982] Evaluating 1322/1449 on image 2011_001114.png, accuracy 0.9994.
[2024-12-21 01:59:19,766 INFO test.py line 240 3332982] Evaluating 1323/1449 on image 2011_001159.png, accuracy 0.9082.
[2024-12-21 01:59:19,774 INFO test.py line 240 3332982] Evaluating 1324/1449 on image 2011_001161.png, accuracy 0.9742.
[2024-12-21 01:59:19,781 INFO test.py line 240 3332982] Evaluating 1325/1449 on image 2011_001190.png, accuracy 0.9987.
[2024-12-21 01:59:19,787 INFO test.py line 240 3332982] Evaluating 1326/1449 on image 2011_001232.png, accuracy 0.9970.
[2024-12-21 01:59:19,794 INFO test.py line 240 3332982] Evaluating 1327/1449 on image 2011_001263.png, accuracy 0.9970.
[2024-12-21 01:59:19,801 INFO test.py line 240 3332982] Evaluating 1328/1449 on image 2011_001276.png, accuracy 0.6956.
[2024-12-21 01:59:19,808 INFO test.py line 240 3332982] Evaluating 1329/1449 on image 2011_001281.png, accuracy 0.9775.
[2024-12-21 01:59:19,816 INFO test.py line 240 3332982] Evaluating 1330/1449 on image 2011_001287.png, accuracy 0.9994.
[2024-12-21 01:59:19,824 INFO test.py line 240 3332982] Evaluating 1331/1449 on image 2011_001292.png, accuracy 0.9984.
[2024-12-21 01:59:19,831 INFO test.py line 240 3332982] Evaluating 1332/1449 on image 2011_001313.png, accuracy 0.9927.
[2024-12-21 01:59:19,838 INFO test.py line 240 3332982] Evaluating 1333/1449 on image 2011_001341.png, accuracy 0.7465.
[2024-12-21 01:59:19,846 INFO test.py line 240 3332982] Evaluating 1334/1449 on image 2011_001346.png, accuracy 0.9497.
[2024-12-21 01:59:19,855 INFO test.py line 240 3332982] Evaluating 1335/1449 on image 2011_001350.png, accuracy 0.9954.
[2024-12-21 01:59:19,862 INFO test.py line 240 3332982] Evaluating 1336/1449 on image 2011_001407.png, accuracy 0.9974.
[2024-12-21 01:59:19,869 INFO test.py line 240 3332982] Evaluating 1337/1449 on image 2011_001416.png, accuracy 0.6840.
[2024-12-21 01:59:19,877 INFO test.py line 240 3332982] Evaluating 1338/1449 on image 2011_001421.png, accuracy 0.9924.
[2024-12-21 01:59:19,884 INFO test.py line 240 3332982] Evaluating 1339/1449 on image 2011_001434.png, accuracy 0.9927.
[2024-12-21 01:59:19,893 INFO test.py line 240 3332982] Evaluating 1340/1449 on image 2011_001447.png, accuracy 0.8099.
[2024-12-21 01:59:19,898 INFO test.py line 240 3332982] Evaluating 1341/1449 on image 2011_001489.png, accuracy 0.9990.
[2024-12-21 01:59:19,906 INFO test.py line 240 3332982] Evaluating 1342/1449 on image 2011_001529.png, accuracy 0.9960.
[2024-12-21 01:59:19,914 INFO test.py line 240 3332982] Evaluating 1343/1449 on image 2011_001530.png, accuracy 0.7762.
[2024-12-21 01:59:19,921 INFO test.py line 240 3332982] Evaluating 1344/1449 on image 2011_001534.png, accuracy 0.7416.
[2024-12-21 01:59:19,929 INFO test.py line 240 3332982] Evaluating 1345/1449 on image 2011_001546.png, accuracy 0.9988.
[2024-12-21 01:59:19,937 INFO test.py line 240 3332982] Evaluating 1346/1449 on image 2011_001567.png, accuracy 0.8213.
[2024-12-21 01:59:19,944 INFO test.py line 240 3332982] Evaluating 1347/1449 on image 2011_001589.png, accuracy 0.9967.
[2024-12-21 01:59:19,951 INFO test.py line 240 3332982] Evaluating 1348/1449 on image 2011_001597.png, accuracy 0.9896.
[2024-12-21 01:59:19,958 INFO test.py line 240 3332982] Evaluating 1349/1449 on image 2011_001601.png, accuracy 0.3797.
[2024-12-21 01:59:19,965 INFO test.py line 240 3332982] Evaluating 1350/1449 on image 2011_001607.png, accuracy 0.9930.
[2024-12-21 01:59:19,972 INFO test.py line 240 3332982] Evaluating 1351/1449 on image 2011_001613.png, accuracy 0.9954.
[2024-12-21 01:59:19,979 INFO test.py line 240 3332982] Evaluating 1352/1449 on image 2011_001614.png, accuracy 0.9707.
[2024-12-21 01:59:19,987 INFO test.py line 240 3332982] Evaluating 1353/1449 on image 2011_001619.png, accuracy 0.9834.
[2024-12-21 01:59:19,995 INFO test.py line 240 3332982] Evaluating 1354/1449 on image 2011_001624.png, accuracy 0.9983.
[2024-12-21 01:59:20,003 INFO test.py line 240 3332982] Evaluating 1355/1449 on image 2011_001642.png, accuracy 0.9915.
[2024-12-21 01:59:20,010 INFO test.py line 240 3332982] Evaluating 1356/1449 on image 2011_001665.png, accuracy 0.6292.
[2024-12-21 01:59:20,017 INFO test.py line 240 3332982] Evaluating 1357/1449 on image 2011_001669.png, accuracy 0.9619.
[2024-12-21 01:59:20,028 INFO test.py line 240 3332982] Evaluating 1358/1449 on image 2011_001674.png, accuracy 0.9354.
[2024-12-21 01:59:20,036 INFO test.py line 240 3332982] Evaluating 1359/1449 on image 2011_001708.png, accuracy 0.9982.
[2024-12-21 01:59:20,044 INFO test.py line 240 3332982] Evaluating 1360/1449 on image 2011_001713.png, accuracy 0.9167.
[2024-12-21 01:59:20,052 INFO test.py line 240 3332982] Evaluating 1361/1449 on image 2011_001714.png, accuracy 0.5869.
[2024-12-21 01:59:20,055 INFO test.py line 240 3332982] Evaluating 1362/1449 on image 2011_001722.png, accuracy 0.9992.
[2024-12-21 01:59:20,063 INFO test.py line 240 3332982] Evaluating 1363/1449 on image 2011_001726.png, accuracy 0.9963.
[2024-12-21 01:59:20,070 INFO test.py line 240 3332982] Evaluating 1364/1449 on image 2011_001745.png, accuracy 0.9794.
[2024-12-21 01:59:20,077 INFO test.py line 240 3332982] Evaluating 1365/1449 on image 2011_001748.png, accuracy 0.9961.
[2024-12-21 01:59:20,085 INFO test.py line 240 3332982] Evaluating 1366/1449 on image 2011_001775.png, accuracy 0.9925.
[2024-12-21 01:59:20,093 INFO test.py line 240 3332982] Evaluating 1367/1449 on image 2011_001782.png, accuracy 0.9990.
[2024-12-21 01:59:20,101 INFO test.py line 240 3332982] Evaluating 1368/1449 on image 2011_001793.png, accuracy 0.5529.
[2024-12-21 01:59:20,109 INFO test.py line 240 3332982] Evaluating 1369/1449 on image 2011_001794.png, accuracy 0.9545.
[2024-12-21 01:59:20,117 INFO test.py line 240 3332982] Evaluating 1370/1449 on image 2011_001812.png, accuracy 0.9182.
[2024-12-21 01:59:20,125 INFO test.py line 240 3332982] Evaluating 1371/1449 on image 2011_001862.png, accuracy 0.8706.
[2024-12-21 01:59:20,133 INFO test.py line 240 3332982] Evaluating 1372/1449 on image 2011_001863.png, accuracy 0.6588.
[2024-12-21 01:59:20,140 INFO test.py line 240 3332982] Evaluating 1373/1449 on image 2011_001868.png, accuracy 0.9930.
[2024-12-21 01:59:20,148 INFO test.py line 240 3332982] Evaluating 1374/1449 on image 2011_001880.png, accuracy 0.8825.
[2024-12-21 01:59:20,158 INFO test.py line 240 3332982] Evaluating 1375/1449 on image 2011_001910.png, accuracy 0.9903.
[2024-12-21 01:59:20,166 INFO test.py line 240 3332982] Evaluating 1376/1449 on image 2011_001984.png, accuracy 0.9958.
[2024-12-21 01:59:20,174 INFO test.py line 240 3332982] Evaluating 1377/1449 on image 2011_001988.png, accuracy 0.8208.
[2024-12-21 01:59:20,183 INFO test.py line 240 3332982] Evaluating 1378/1449 on image 2011_002002.png, accuracy 0.9856.
[2024-12-21 01:59:20,193 INFO test.py line 240 3332982] Evaluating 1379/1449 on image 2011_002040.png, accuracy 0.9728.
[2024-12-21 01:59:20,200 INFO test.py line 240 3332982] Evaluating 1380/1449 on image 2011_002041.png, accuracy 0.9796.
[2024-12-21 01:59:20,208 INFO test.py line 240 3332982] Evaluating 1381/1449 on image 2011_002064.png, accuracy 0.8897.
[2024-12-21 01:59:20,216 INFO test.py line 240 3332982] Evaluating 1382/1449 on image 2011_002075.png, accuracy 0.8677.
[2024-12-21 01:59:20,224 INFO test.py line 240 3332982] Evaluating 1383/1449 on image 2011_002098.png, accuracy 0.9611.
[2024-12-21 01:59:20,231 INFO test.py line 240 3332982] Evaluating 1384/1449 on image 2011_002110.png, accuracy 0.9328.
[2024-12-21 01:59:20,239 INFO test.py line 240 3332982] Evaluating 1385/1449 on image 2011_002121.png, accuracy 0.9860.
[2024-12-21 01:59:20,246 INFO test.py line 240 3332982] Evaluating 1386/1449 on image 2011_002124.png, accuracy 0.8750.
[2024-12-21 01:59:20,254 INFO test.py line 240 3332982] Evaluating 1387/1449 on image 2011_002150.png, accuracy 0.9959.
[2024-12-21 01:59:20,262 INFO test.py line 240 3332982] Evaluating 1388/1449 on image 2011_002156.png, accuracy 0.9723.
[2024-12-21 01:59:20,270 INFO test.py line 240 3332982] Evaluating 1389/1449 on image 2011_002178.png, accuracy 0.4003.
[2024-12-21 01:59:20,278 INFO test.py line 240 3332982] Evaluating 1390/1449 on image 2011_002200.png, accuracy 0.7686.
[2024-12-21 01:59:20,286 INFO test.py line 240 3332982] Evaluating 1391/1449 on image 2011_002223.png, accuracy 0.9743.
[2024-12-21 01:59:20,293 INFO test.py line 240 3332982] Evaluating 1392/1449 on image 2011_002244.png, accuracy 0.9992.
[2024-12-21 01:59:20,301 INFO test.py line 240 3332982] Evaluating 1393/1449 on image 2011_002247.png, accuracy 0.9259.
[2024-12-21 01:59:20,309 INFO test.py line 240 3332982] Evaluating 1394/1449 on image 2011_002279.png, accuracy 0.9980.
[2024-12-21 01:59:20,316 INFO test.py line 240 3332982] Evaluating 1395/1449 on image 2011_002295.png, accuracy 0.9637.
[2024-12-21 01:59:20,324 INFO test.py line 240 3332982] Evaluating 1396/1449 on image 2011_002298.png, accuracy 0.9585.
[2024-12-21 01:59:20,332 INFO test.py line 240 3332982] Evaluating 1397/1449 on image 2011_002308.png, accuracy 0.9895.
[2024-12-21 01:59:20,341 INFO test.py line 240 3332982] Evaluating 1398/1449 on image 2011_002317.png, accuracy 0.9292.
[2024-12-21 01:59:20,349 INFO test.py line 240 3332982] Evaluating 1399/1449 on image 2011_002322.png, accuracy 0.9241.
[2024-12-21 01:59:20,356 INFO test.py line 240 3332982] Evaluating 1400/1449 on image 2011_002327.png, accuracy 0.9594.
[2024-12-21 01:59:20,363 INFO test.py line 240 3332982] Evaluating 1401/1449 on image 2011_002343.png, accuracy 0.2170.
[2024-12-21 01:59:20,371 INFO test.py line 240 3332982] Evaluating 1402/1449 on image 2011_002358.png, accuracy 0.8685.
[2024-12-21 01:59:20,379 INFO test.py line 240 3332982] Evaluating 1403/1449 on image 2011_002371.png, accuracy 0.9915.
[2024-12-21 01:59:20,387 INFO test.py line 240 3332982] Evaluating 1404/1449 on image 2011_002379.png, accuracy 0.9814.
[2024-12-21 01:59:20,394 INFO test.py line 240 3332982] Evaluating 1405/1449 on image 2011_002391.png, accuracy 0.9094.
[2024-12-21 01:59:20,403 INFO test.py line 240 3332982] Evaluating 1406/1449 on image 2011_002498.png, accuracy 0.8658.
[2024-12-21 01:59:20,411 INFO test.py line 240 3332982] Evaluating 1407/1449 on image 2011_002509.png, accuracy 0.9666.
[2024-12-21 01:59:20,418 INFO test.py line 240 3332982] Evaluating 1408/1449 on image 2011_002515.png, accuracy 0.9782.
[2024-12-21 01:59:20,426 INFO test.py line 240 3332982] Evaluating 1409/1449 on image 2011_002532.png, accuracy 0.9074.
[2024-12-21 01:59:20,433 INFO test.py line 240 3332982] Evaluating 1410/1449 on image 2011_002535.png, accuracy 0.9881.
[2024-12-21 01:59:20,441 INFO test.py line 240 3332982] Evaluating 1411/1449 on image 2011_002548.png, accuracy 0.9977.
[2024-12-21 01:59:20,449 INFO test.py line 240 3332982] Evaluating 1412/1449 on image 2011_002575.png, accuracy 0.9361.
[2024-12-21 01:59:20,458 INFO test.py line 240 3332982] Evaluating 1413/1449 on image 2011_002578.png, accuracy 0.8332.
[2024-12-21 01:59:20,466 INFO test.py line 240 3332982] Evaluating 1414/1449 on image 2011_002589.png, accuracy 0.9622.
[2024-12-21 01:59:20,474 INFO test.py line 240 3332982] Evaluating 1415/1449 on image 2011_002592.png, accuracy 0.8368.
[2024-12-21 01:59:20,481 INFO test.py line 240 3332982] Evaluating 1416/1449 on image 2011_002623.png, accuracy 0.9865.
[2024-12-21 01:59:20,485 INFO test.py line 240 3332982] Evaluating 1417/1449 on image 2011_002641.png, accuracy 0.8552.
[2024-12-21 01:59:20,493 INFO test.py line 240 3332982] Evaluating 1418/1449 on image 2011_002644.png, accuracy 0.8872.
[2024-12-21 01:59:20,500 INFO test.py line 240 3332982] Evaluating 1419/1449 on image 2011_002662.png, accuracy 0.9989.
[2024-12-21 01:59:20,508 INFO test.py line 240 3332982] Evaluating 1420/1449 on image 2011_002675.png, accuracy 0.9192.
[2024-12-21 01:59:20,516 INFO test.py line 240 3332982] Evaluating 1421/1449 on image 2011_002685.png, accuracy 0.9352.
[2024-12-21 01:59:20,524 INFO test.py line 240 3332982] Evaluating 1422/1449 on image 2011_002713.png, accuracy 0.8884.
[2024-12-21 01:59:20,532 INFO test.py line 240 3332982] Evaluating 1423/1449 on image 2011_002730.png, accuracy 0.9973.
[2024-12-21 01:59:20,537 INFO test.py line 240 3332982] Evaluating 1424/1449 on image 2011_002754.png, accuracy 0.9944.
[2024-12-21 01:59:20,541 INFO test.py line 240 3332982] Evaluating 1425/1449 on image 2011_002812.png, accuracy 0.9843.
[2024-12-21 01:59:20,552 INFO test.py line 240 3332982] Evaluating 1426/1449 on image 2011_002863.png, accuracy 0.9967.
[2024-12-21 01:59:20,560 INFO test.py line 240 3332982] Evaluating 1427/1449 on image 2011_002879.png, accuracy 0.9371.
[2024-12-21 01:59:20,568 INFO test.py line 240 3332982] Evaluating 1428/1449 on image 2011_002885.png, accuracy 0.9988.
[2024-12-21 01:59:20,575 INFO test.py line 240 3332982] Evaluating 1429/1449 on image 2011_002929.png, accuracy 0.9983.
[2024-12-21 01:59:20,583 INFO test.py line 240 3332982] Evaluating 1430/1449 on image 2011_002951.png, accuracy 0.9447.
[2024-12-21 01:59:20,591 INFO test.py line 240 3332982] Evaluating 1431/1449 on image 2011_002975.png, accuracy 0.9595.
[2024-12-21 01:59:20,598 INFO test.py line 240 3332982] Evaluating 1432/1449 on image 2011_002993.png, accuracy 0.9993.
[2024-12-21 01:59:20,606 INFO test.py line 240 3332982] Evaluating 1433/1449 on image 2011_002997.png, accuracy 0.9900.
[2024-12-21 01:59:20,615 INFO test.py line 240 3332982] Evaluating 1434/1449 on image 2011_003003.png, accuracy 0.9531.
[2024-12-21 01:59:20,622 INFO test.py line 240 3332982] Evaluating 1435/1449 on image 2011_003011.png, accuracy 0.8701.
[2024-12-21 01:59:20,631 INFO test.py line 240 3332982] Evaluating 1436/1449 on image 2011_003019.png, accuracy 0.9861.
[2024-12-21 01:59:20,637 INFO test.py line 240 3332982] Evaluating 1437/1449 on image 2011_003030.png, accuracy 0.7333.
[2024-12-21 01:59:20,645 INFO test.py line 240 3332982] Evaluating 1438/1449 on image 2011_003055.png, accuracy 0.8608.
[2024-12-21 01:59:20,653 INFO test.py line 240 3332982] Evaluating 1439/1449 on image 2011_003085.png, accuracy 0.9855.
[2024-12-21 01:59:20,661 INFO test.py line 240 3332982] Evaluating 1440/1449 on image 2011_003103.png, accuracy 0.9118.
[2024-12-21 01:59:20,668 INFO test.py line 240 3332982] Evaluating 1441/1449 on image 2011_003114.png, accuracy 0.9364.
[2024-12-21 01:59:20,676 INFO test.py line 240 3332982] Evaluating 1442/1449 on image 2011_003145.png, accuracy 0.9968.
[2024-12-21 01:59:20,684 INFO test.py line 240 3332982] Evaluating 1443/1449 on image 2011_003146.png, accuracy 0.8920.
[2024-12-21 01:59:20,691 INFO test.py line 240 3332982] Evaluating 1444/1449 on image 2011_003182.png, accuracy 0.4739.
[2024-12-21 01:59:20,699 INFO test.py line 240 3332982] Evaluating 1445/1449 on image 2011_003197.png, accuracy 0.3226.
[2024-12-21 01:59:20,706 INFO test.py line 240 3332982] Evaluating 1446/1449 on image 2011_003205.png, accuracy 0.9930.
[2024-12-21 01:59:20,713 INFO test.py line 240 3332982] Evaluating 1447/1449 on image 2011_003240.png, accuracy 0.9617.
[2024-12-21 01:59:20,721 INFO test.py line 240 3332982] Evaluating 1448/1449 on image 2011_003256.png, accuracy 0.6524.
[2024-12-21 01:59:20,730 INFO test.py line 240 3332982] Evaluating 1449/1449 on image 2011_003271.png, accuracy 0.6064.
[2024-12-21 01:59:20,731 INFO test.py line 248 3332982] Eval result: mIoU/mAcc/allAcc 0.6602/0.6996/0.9182.
[2024-12-21 01:59:20,731 INFO test.py line 250 3332982] Class_0 result: iou/accuracy 0.9038/0.9909, name: background.
[2024-12-21 01:59:20,731 INFO test.py line 250 3332982] Class_1 result: iou/accuracy 0.8672/0.8794, name: aeroplane.
[2024-12-21 01:59:20,731 INFO test.py line 250 3332982] Class_2 result: iou/accuracy 0.4073/0.6756, name: bicycle.
[2024-12-21 01:59:20,731 INFO test.py line 250 3332982] Class_3 result: iou/accuracy 0.8268/0.8468, name: bird.
[2024-12-21 01:59:20,731 INFO test.py line 250 3332982] Class_4 result: iou/accuracy 0.5647/0.6098, name: boat.
[2024-12-21 01:59:20,731 INFO test.py line 250 3332982] Class_5 result: iou/accuracy 0.6757/0.7040, name: bottle.
[2024-12-21 01:59:20,731 INFO test.py line 250 3332982] Class_6 result: iou/accuracy 0.5698/0.5735, name: bus.
[2024-12-21 01:59:20,731 INFO test.py line 250 3332982] Class_7 result: iou/accuracy 0.7705/0.7996, name: car.
[2024-12-21 01:59:20,731 INFO test.py line 250 3332982] Class_8 result: iou/accuracy 0.9004/0.9197, name: cat.
[2024-12-21 01:59:20,731 INFO test.py line 250 3332982] Class_9 result: iou/accuracy 0.3857/0.4450, name: chair.
[2024-12-21 01:59:20,731 INFO test.py line 250 3332982] Class_10 result: iou/accuracy 0.8234/0.8673, name: cow.
[2024-12-21 01:59:20,731 INFO test.py line 250 3332982] Class_11 result: iou/accuracy 0.2495/0.2540, name: diningtable.
[2024-12-21 01:59:20,731 INFO test.py line 250 3332982] Class_12 result: iou/accuracy 0.8729/0.9183, name: dog.
[2024-12-21 01:59:20,731 INFO test.py line 250 3332982] Class_13 result: iou/accuracy 0.8344/0.8793, name: horse.
[2024-12-21 01:59:20,731 INFO test.py line 250 3332982] Class_14 result: iou/accuracy 0.7715/0.8008, name: motorbike.
[2024-12-21 01:59:20,731 INFO test.py line 250 3332982] Class_15 result: iou/accuracy 0.7639/0.7774, name: person.
[2024-12-21 01:59:20,731 INFO test.py line 250 3332982] Class_16 result: iou/accuracy 0.3943/0.4048, name: pottedplant.
[2024-12-21 01:59:20,731 INFO test.py line 250 3332982] Class_17 result: iou/accuracy 0.8219/0.8298, name: sheep.
[2024-12-21 01:59:20,731 INFO test.py line 250 3332982] Class_18 result: iou/accuracy 0.1945/0.2023, name: sofa.
[2024-12-21 01:59:20,731 INFO test.py line 250 3332982] Class_19 result: iou/accuracy 0.7345/0.7426, name: train.
[2024-12-21 01:59:20,731 INFO test.py line 250 3332982] Class_20 result: iou/accuracy 0.5308/0.5709, name: tvmonitor.
